ipc_subclass,bi_count,bi_psb_count,bi_average_precision,bi_precision@100,bi_precision@200,bi_precision@500,q35_count,q35_psb_count,q35_average_precision,q35_precision@100,q35_precision@200,q35_precision@500,rf_count,rf_psb_count,rf_average_precision,rf_precision@100,rf_precision@200,rf_precision@500,xgb_count,xgb_psb_count,xgb_average_precision,xgb_precision@100,xgb_precision@200,xgb_precision@500,beauty_count,beauty_psb_count,beauty_average_precision,beauty_precision@100,beauty_precision@200,beauty_precision@500
G01N,3093,7,0.0022631749110895573,0.01,0.01,0.004,3093,7,0.002593385480410532,0.0,0.0,0.002,3093,7,0.002271526054843072,0.0,0.0,0.0,3093,7,0.0033154311814439998,0.0,0.0,0.002,3093,7,0.9999999999999998,0.07,0.035,0.014
B32B,2622,7,0.002669717772692601,0.01,0.005,0.004,2622,7,0.004652151860678969,0.01,0.005,0.002,2622,7,0.0027041240010648535,0.0,0.0,0.002,2622,7,0.0037966650135132438,0.0,0.0,0.004,2622,7,1.0,0.07,0.035,0.014
A61B,2092,6,0.0028680688336520078,0.01,0.005,0.004,2092,6,0.004911319505287448,0.0,0.005,0.006,2092,6,0.005120610516011629,0.0,0.005,0.004,2092,6,0.009321954274058646,0.01,0.01,0.004,2092,6,1.0,0.06,0.03,0.012
A61K,4422,6,0.0013568521031207597,0.0,0.005,0.002,4422,6,0.0012194113591482262,0.0,0.0,0.0,4422,6,0.008110730465903437,0.0,0.01,0.008,4422,6,0.00987090975216843,0.02,0.01,0.004,4422,6,1.0,0.06,0.03,0.012
C07C,2280,5,0.0021929824561403508,0.0,0.0,0.0,2280,5,0.0024839650553816306,0.0,0.0,0.002,2280,5,0.004692097081799065,0.0,0.005,0.004,2280,5,0.0021378333525297593,0.0,0.0,0.0,2280,5,1.0,0.05,0.025,0.01
G06F,3774,5,0.0013248542660307366,0.0,0.0,0.0,3774,5,0.004104975124180531,0.0,0.0,0.004,3774,5,0.0013628432353653013,0.0,0.0,0.0,3774,5,0.0034532574331163886,0.01,0.005,0.002,3774,5,1.0,0.05,0.025,0.01
H01L,2944,5,0.0016983695652173913,0.0,0.0,0.0,2944,5,0.0012897664803209088,0.0,0.0,0.0,2944,5,0.0015159128677155668,0.0,0.0,0.0,2944,5,0.0016786110770158433,0.0,0.0,0.0,2944,5,1.0,0.05,0.025,0.01
C07D,2121,5,0.0023573785950023575,0.0,0.005,0.002,2121,5,0.005158259651025376,0.0,0.005,0.004,2121,5,0.0032904583617948315,0.0,0.0,0.002,2121,5,0.0038432389988560696,0.0,0.0,0.004,2121,5,1.0,0.05,0.025,0.01
B29C,1618,4,0.002472187886279357,0.01,0.005,0.006,1618,4,0.0063957127029176655,0.0,0.0,0.006,1618,4,0.0038210143537710708,0.0,0.0,0.004,1618,4,0.005347429361409316,0.0,0.0,0.004,1618,4,1.0,0.04,0.02,0.008
B65H,1380,4,0.002898550724637681,0.0,0.0,0.0,1380,4,0.014887101189462126,0.01,0.005,0.004,1380,4,0.003623415069092634,0.0,0.0,0.002,1380,4,0.0064774364815824185,0.0,0.01,0.004,1380,4,1.0,0.04,0.02,0.008
B65D,3374,4,0.0011855364552459987,0.01,0.005,0.002,3374,4,0.0015910333680712303,0.0,0.0,0.0,3374,4,0.0028031088570874114,0.0,0.0,0.002,3374,4,0.001686878520756972,0.0,0.0,0.0,3374,4,1.0,0.04,0.02,0.008
C08G,1503,3,0.001996007984031936,0.0,0.0,0.002,1503,3,0.0019820344256614372,0.0,0.0,0.0,1503,3,0.002817730166656085,0.0,0.0,0.002,1503,3,0.0014394426038261657,0.0,0.0,0.0,1503,3,1.0,0.03,0.015,0.006
C08F,1218,3,0.0024630541871921183,0.0,0.0,0.0,1218,3,0.009374749269928987,0.01,0.005,0.002,1218,3,0.004683824873332194,0.0,0.005,0.004,1218,3,0.0032466927079750673,0.0,0.0,0.002,1218,3,1.0,0.03,0.015,0.006
A47C,786,3,0.003816793893129771,0.01,0.005,0.004,786,3,0.0037018255578093306,0.0,0.0,0.002,786,3,0.00428055963544842,0.0,0.0,0.002,786,3,0.005913346227404328,0.0,0.005,0.004,786,3,1.0,0.03,0.015,0.006
G11B,2623,3,0.001143728555089592,0.0,0.005,0.002,2623,3,0.0014354297081859584,0.0,0.0,0.0,2623,3,0.003309267870894827,0.0,0.005,0.002,2623,3,0.0016320310253828778,0.0,0.0,0.0,2623,3,1.0,0.03,0.015,0.006
B01J,977,3,0.0030706243602865915,0.0,0.0,0.002,977,3,0.019874285055229646,0.01,0.01,0.006,977,3,0.006446592013089942,0.01,0.005,0.002,977,3,0.3362722646310432,0.01,0.005,0.004,977,3,1.0,0.03,0.015,0.006
B01D,2514,3,0.0011933174224343676,0.0,0.0,0.0,2514,3,0.012616568002191773,0.01,0.015,0.006,2514,3,0.009513192121887773,0.01,0.005,0.004,2514,3,0.002669150711950642,0.0,0.0,0.002,2514,3,1.0,0.03,0.015,0.006
H04N,2492,3,0.001203852327447833,0.0,0.0,0.0,2492,3,0.0012114609425056422,0.0,0.0,0.0,2492,3,0.00155097405455442,0.0,0.0,0.0,2492,3,0.0017749957190297538,0.0,0.0,0.0,2492,3,1.0,0.03,0.015,0.006
B23K,1003,3,0.0029910269192422734,0.01,0.005,0.002,1003,3,0.003657183624029136,0.0,0.0,0.004,1003,3,0.008109342583241957,0.01,0.005,0.002,1003,3,0.005096109724295854,0.0,0.0,0.004,1003,3,1.0,0.03,0.015,0.006
H01R,1849,3,0.0016224986479177934,0.01,0.005,0.004,1849,3,0.004647833838704339,0.0,0.005,0.002,1849,3,0.007496181307285046,0.0,0.0,0.006,1849,3,0.01351053115758998,0.02,0.01,0.004,1849,3,1.0,0.03,0.015,0.006
H03K,1152,3,0.0026041666666666665,0.0,0.0,0.0,1152,3,0.006931106944214254,0.01,0.005,0.004,1152,3,0.0026824187305310152,0.0,0.0,0.002,1152,3,0.010254381848832064,0.01,0.005,0.002,1152,3,1.0,0.03,0.015,0.006
G08B,741,2,0.002699055330634278,0.0,0.005,0.002,741,2,0.02662074554294976,0.01,0.005,0.002,741,2,0.003455574525808639,0.0,0.0,0.002,741,2,0.0029412778721093595,0.0,0.0,0.002,741,2,1.0,0.02,0.01,0.004
B05B,612,2,0.0032679738562091504,0.0,0.0,0.002,612,2,0.010301837270341207,0.01,0.005,0.002,612,2,0.019258987527512837,0.01,0.01,0.004,612,2,0.007944928634583806,0.01,0.005,0.004,612,2,1.0,0.02,0.01,0.004
G01B,983,2,0.002034587995930824,0.0,0.0,0.002,983,2,0.036252354048964215,0.01,0.01,0.004,983,2,0.005155659132881893,0.0,0.005,0.002,983,2,0.0029426904598490048,0.0,0.0,0.002,983,2,1.0,0.02,0.01,0.004
C07F,454,2,0.004405286343612335,0.0,0.0,0.004405286343612335,454,2,0.0367063492063492,0.02,0.01,0.004405286343612335,454,2,0.009135742582262107,0.01,0.005,0.004405286343612335,454,2,0.014088612514574427,0.01,0.01,0.004405286343612335,454,2,1.0,0.02,0.01,0.004405286343612335
F42B,377,2,0.005305039787798408,0.0,0.0,0.005305039787798408,377,2,0.005779608519334546,0.0,0.0,0.005305039787798408,377,2,0.11274509803921567,0.02,0.01,0.005305039787798408,377,2,0.013074770091963214,0.01,0.005,0.005305039787798408,377,2,1.0,0.02,0.01,0.005305039787798408
G03C,1241,2,0.0016116035455278,0.0,0.0,0.0,1241,2,0.005833333333333334,0.0,0.005,0.004,1241,2,0.0016944335126153308,0.0,0.0,0.0,1241,2,0.0015895764697486888,0.0,0.0,0.0,1241,2,1.0,0.02,0.01,0.004
H01F,505,2,0.0039603960396039604,0.01,0.005,0.004,505,2,0.006034024455077087,0.0,0.005,0.004,505,2,0.01735294117647059,0.02,0.01,0.004,505,2,0.02112369337979094,0.01,0.01,0.004,505,2,1.0,0.02,0.01,0.004
G03B,1310,2,0.0015267175572519084,0.0,0.0,0.0,1310,2,0.0013573581887535375,0.0,0.0,0.0,1310,2,0.0027008574824541544,0.0,0.0,0.002,1310,2,0.0017509214982318613,0.0,0.0,0.0,1310,2,1.0,0.02,0.01,0.004
G02B,2436,2,0.0008210180623973727,0.0,0.0,0.0,2436,2,0.0009293600728762133,0.0,0.0,0.0,2436,2,0.0008359767380385938,0.0,0.0,0.0,2436,2,0.0017597728595171052,0.0,0.0,0.002,2436,2,1.0,0.02,0.01,0.004
H04B,838,2,0.002386634844868735,0.01,0.005,0.004,838,2,0.003076581617956092,0.0,0.0,0.002,838,2,0.0025102849783046354,0.0,0.0,0.002,838,2,0.0023835460109969914,0.0,0.0,0.0,838,2,1.0,0.02,0.01,0.004
A61N,361,2,0.00554016620498615,0.01,0.01,0.00554016620498615,361,2,0.01551634665282823,0.01,0.005,0.00554016620498615,361,2,0.00800038172795521,0.0,0.005,0.00554016620498615,361,2,0.015883226125680355,0.01,0.005,0.00554016620498615,361,2,1.0,0.02,0.01,0.00554016620498615
H01Q,545,2,0.003669724770642202,0.0,0.0,0.004,545,2,0.002866800575608586,0.0,0.0,0.002,545,2,0.00936820675615058,0.01,0.005,0.004,545,2,0.0030453470879002794,0.0,0.0,0.002,545,2,1.0,0.02,0.01,0.004
G11C,933,2,0.0021436227224008574,0.02,0.01,0.004,933,2,0.00935631984752664,0.0,0.01,0.004,933,2,0.01280096563115431,0.01,0.005,0.004,933,2,0.005828370923935964,0.0,0.005,0.004,933,2,1.0,0.02,0.01,0.004
H01J,1572,2,0.001272264631043257,0.0,0.005,0.002,1572,2,0.00201322197132519,0.0,0.0,0.002,1572,2,0.0012776282521817144,0.0,0.0,0.0,1572,2,0.0013854907266150464,0.0,0.0,0.0,1572,2,1.0,0.02,0.01,0.004
B41F,344,2,0.005813953488372093,0.0,0.005,0.005813953488372093,344,2,0.008581472291149712,0.01,0.005,0.005813953488372093,344,2,0.01514161220043573,0.01,0.01,0.005813953488372093,344,2,0.01186954071569456,0.01,0.01,0.005813953488372093,344,2,1.0,0.02,0.01,0.005813953488372093
F25B,472,2,0.00423728813559322,0.0,0.0,0.00423728813559322,472,2,0.03325358851674641,0.02,0.01,0.00423728813559322,472,2,0.1419491525423729,0.02,0.01,0.00423728813559322,472,2,0.07179487179487179,0.02,0.01,0.00423728813559322,472,2,1.0,0.02,0.01,0.00423728813559322
C08L,1156,2,0.0017301038062283738,0.0,0.0,0.002,1156,2,0.0036527259876678606,0.0,0.0,0.004,1156,2,0.032473990208078334,0.01,0.005,0.002,1156,2,0.13293650793650794,0.01,0.01,0.004,1156,2,1.0,0.02,0.01,0.004
C11D,457,2,0.00437636761487965,0.0,0.0,0.00437636761487965,457,2,0.005066578404664308,0.0,0.0,0.00437636761487965,457,2,0.013690036900369004,0.01,0.005,0.00437636761487965,457,2,0.032022730763323605,0.01,0.005,0.00437636761487965,457,2,1.0,0.02,0.01,0.00437636761487965
F21V,370,2,0.005405405405405406,0.0,0.005,0.005405405405405406,370,2,0.018438697318007662,0.02,0.01,0.005405405405405406,370,2,0.013927669192926472,0.01,0.005,0.005405405405405406,370,2,0.012663268556865243,0.01,0.01,0.005405405405405406,370,2,1.0,0.02,0.01,0.005405405405405406
D05B,281,2,0.0071174377224199285,0.0,0.01,0.0071174377224199285,281,2,0.0148380355276907,0.01,0.01,0.0071174377224199285,281,2,0.059259259259259255,0.01,0.005,0.0071174377224199285,281,2,0.02996542451018056,0.01,0.005,0.0071174377224199285,281,2,1.0,0.02,0.01,0.0071174377224199285
C12P,351,2,0.005698005698005698,0.0,0.0,0.005698005698005698,351,2,0.014285714285714287,0.01,0.005,0.005698005698005698,351,2,0.02564272462231646,0.01,0.005,0.005698005698005698,351,2,0.012849002849002849,0.01,0.005,0.005698005698005698,351,2,1.0,0.02,0.01,0.005698005698005698
C08K,866,2,0.0023094688221709007,0.0,0.0,0.002,866,2,0.0037691133545778325,0.0,0.0,0.004,866,2,0.0020320455059533744,0.0,0.0,0.0,866,2,0.0034163817483432524,0.0,0.0,0.004,866,2,1.0,0.02,0.01,0.004
A01N,860,2,0.002325581395348837,0.0,0.0,0.0,860,2,0.004605688429217841,0.0,0.005,0.002,860,2,0.018286311389759665,0.01,0.005,0.004,860,2,0.038029100529100524,0.01,0.005,0.004,860,2,1.0,0.02,0.01,0.004
A01K,1027,2,0.0019474196689386564,0.01,0.005,0.004,1027,2,0.0033489487479783616,0.0,0.0,0.002,1027,2,0.08546552949538024,0.01,0.005,0.004,1027,2,0.012381567614125753,0.0,0.01,0.004,1027,2,1.0,0.02,0.01,0.004
A42B,103,1,0.009708737864077669,0.01,0.009708737864077669,0.009708737864077669,103,1,0.047619047619047616,0.01,0.009708737864077669,0.009708737864077669,103,1,0.1111111111111111,0.01,0.009708737864077669,0.009708737864077669,103,1,0.02702702702702703,0.01,0.009708737864077669,0.009708737864077669,103,1,1.0,0.01,0.009708737864077669,0.009708737864077669
A44B,206,1,0.0048543689320388345,0.01,0.005,0.0048543689320388345,206,1,0.012048192771084338,0.01,0.005,0.0048543689320388345,206,1,0.07142857142857142,0.01,0.005,0.0048543689320388345,206,1,0.030303030303030304,0.01,0.005,0.0048543689320388345,206,1,1.0,0.01,0.005,0.0048543689320388345
H01K,66,1,0.015151515151515152,0.015151515151515152,0.015151515151515152,0.015151515151515152,66,1,0.14285714285714285,0.015151515151515152,0.015151515151515152,0.015151515151515152,66,1,0.07692307692307693,0.015151515151515152,0.015151515151515152,0.015151515151515152,66,1,0.058823529411764705,0.015151515151515152,0.015151515151515152,0.015151515151515152,66,1,1.0,0.015151515151515152,0.015151515151515152,0.015151515151515152
H01M,561,1,0.0017825311942959,0.0,0.0,0.0,561,1,0.001941747572815534,0.0,0.0,0.0,561,1,0.0019723865877712033,0.0,0.0,0.0,561,1,0.0020491803278688526,0.0,0.0,0.002,561,1,1.0,0.01,0.005,0.002
A47J,330,1,0.0030303030303030303,0.0,0.0,0.0030303030303030303,330,1,0.018518518518518517,0.01,0.005,0.0030303030303030303,330,1,0.03571428571428571,0.01,0.005,0.0030303030303030303,330,1,0.020833333333333332,0.01,0.005,0.0030303030303030303,330,1,1.0,0.01,0.005,0.0030303030303030303
A47L,322,1,0.003105590062111801,0.0,0.0,0.003105590062111801,322,1,0.004784688995215311,0.0,0.0,0.003105590062111801,322,1,0.004098360655737705,0.0,0.0,0.003105590062111801,322,1,0.005649717514124294,0.0,0.005,0.003105590062111801,322,1,1.0,0.01,0.005,0.003105590062111801
A61M,1303,1,0.0007674597083653108,0.0,0.0,0.002,1303,1,0.0017421602787456446,0.0,0.0,0.0,1303,1,0.004201680672268907,0.0,0.0,0.002,1303,1,0.0013422818791946308,0.0,0.0,0.0,1303,1,1.0,0.01,0.005,0.002
A23L,460,1,0.002173913043478261,0.0,0.0,0.002173913043478261,460,1,0.0026954177897574125,0.0,0.0,0.002173913043478261,460,1,0.006493506493506494,0.0,0.005,0.002173913043478261,460,1,0.0024691358024691358,0.0,0.0,0.002173913043478261,460,1,1.0,0.01,0.005,0.002173913043478261
A61G,183,1,0.00546448087431694,0.0,0.00546448087431694,0.00546448087431694,183,1,0.030303030303030304,0.01,0.00546448087431694,0.00546448087431694,183,1,0.08333333333333333,0.01,0.00546448087431694,0.00546448087431694,183,1,0.014285714285714285,0.01,0.00546448087431694,0.00546448087431694,183,1,1.0,0.01,0.00546448087431694,0.00546448087431694
A61H,261,1,0.0038314176245210726,0.0,0.005,0.0038314176245210726,261,1,0.03333333333333333,0.01,0.005,0.0038314176245210726,261,1,0.037037037037037035,0.01,0.005,0.0038314176245210726,261,1,0.006289308176100629,0.0,0.005,0.0038314176245210726,261,1,1.0,0.01,0.005,0.0038314176245210726
A61F,1452,1,0.0006887052341597796,0.0,0.0,0.0,1452,1,0.001976284584980237,0.0,0.0,0.0,1452,1,0.0008025682182985554,0.0,0.0,0.0,1452,1,0.0007173601147776184,0.0,0.0,0.0,1452,1,1.0,0.01,0.005,0.002
B07C,140,1,0.007142857142857143,0.01,0.007142857142857143,0.007142857142857143,140,1,0.037037037037037035,0.01,0.007142857142857143,0.007142857142857143,140,1,0.021739130434782608,0.01,0.007142857142857143,0.007142857142857143,140,1,0.0196078431372549,0.01,0.007142857142857143,0.007142857142857143,140,1,1.0,0.01,0.007142857142857143,0.007142857142857143
B03C,113,1,0.008849557522123894,0.01,0.008849557522123894,0.008849557522123894,113,1,0.01282051282051282,0.01,0.008849557522123894,0.008849557522123894,113,1,0.017857142857142856,0.01,0.008849557522123894,0.008849557522123894,113,1,0.038461538461538464,0.01,0.008849557522123894,0.008849557522123894,113,1,1.0,0.01,0.008849557522123894,0.008849557522123894
B04B,89,1,0.011235955056179775,0.011235955056179775,0.011235955056179775,0.011235955056179775,89,1,0.011363636363636364,0.011235955056179775,0.011235955056179775,0.011235955056179775,89,1,0.011904761904761904,0.011235955056179775,0.011235955056179775,0.011235955056179775,89,1,0.011235955056179775,0.011235955056179775,0.011235955056179775,0.011235955056179775,89,1,1.0,0.011235955056179775,0.011235955056179775,0.011235955056179775
B21B,219,1,0.0045662100456621,0.0,0.005,0.0045662100456621,219,1,0.0072992700729927005,0.0,0.005,0.0045662100456621,219,1,0.01694915254237288,0.01,0.005,0.0045662100456621,219,1,0.006289308176100629,0.0,0.005,0.0045662100456621,219,1,1.0,0.01,0.005,0.0045662100456621
B08B,452,1,0.0022123893805309734,0.0,0.0,0.0022123893805309734,452,1,0.012987012987012988,0.01,0.005,0.0022123893805309734,452,1,0.0029850746268656717,0.0,0.0,0.0022123893805309734,452,1,0.004807692307692308,0.0,0.0,0.0022123893805309734,452,1,1.0,0.01,0.005,0.0022123893805309734
B21C,98,1,0.01020408163265306,0.01020408163265306,0.01020408163265306,0.01020408163265306,98,1,0.017857142857142856,0.01020408163265306,0.01020408163265306,0.01020408163265306,98,1,0.0136986301369863,0.01020408163265306,0.01020408163265306,0.01020408163265306,98,1,0.013157894736842105,0.01020408163265306,0.01020408163265306,0.01020408163265306,98,1,1.0,0.01020408163265306,0.01020408163265306,0.01020408163265306
B01L,57,1,0.017543859649122806,0.017543859649122806,0.017543859649122806,0.017543859649122806,57,1,0.024390243902439025,0.017543859649122806,0.017543859649122806,0.017543859649122806,57,1,0.017543859649122806,0.017543859649122806,0.017543859649122806,0.017543859649122806,57,1,0.018518518518518517,0.017543859649122806,0.017543859649122806,0.017543859649122806,57,1,1.0,0.017543859649122806,0.017543859649122806,0.017543859649122806
A47B,565,1,0.0017699115044247787,0.0,0.0,0.002,565,1,0.002145922746781116,0.0,0.0,0.002,565,1,0.003401360544217687,0.0,0.0,0.002,565,1,0.016666666666666666,0.01,0.005,0.002,565,1,1.0,0.01,0.005,0.002
A63D,50,1,0.02,0.02,0.02,0.02,50,1,0.02564102564102564,0.02,0.02,0.02,50,1,0.02564102564102564,0.02,0.02,0.02,50,1,0.05,0.02,0.02,0.02,50,1,1.0,0.02,0.02,0.02
A62B,182,1,0.005494505494505495,0.01,0.005494505494505495,0.005494505494505495,182,1,0.019230769230769232,0.01,0.005494505494505495,0.005494505494505495,182,1,0.014285714285714285,0.01,0.005494505494505495,0.005494505494505495,182,1,0.007194244604316547,0.0,0.005494505494505495,0.005494505494505495,182,1,1.0,0.01,0.005494505494505495,0.005494505494505495
A63B,1266,1,0.0007898894154818325,0.0,0.0,0.0,1266,1,0.0017271157167530224,0.0,0.0,0.0,1266,1,0.0010660980810234541,0.0,0.0,0.0,1266,1,0.006134969325153374,0.0,0.005,0.002,1266,1,1.0,0.01,0.005,0.002
G02C,196,1,0.00510204081632653,0.0,0.00510204081632653,0.00510204081632653,196,1,0.012195121951219513,0.01,0.00510204081632653,0.00510204081632653,196,1,0.006172839506172839,0.0,0.00510204081632653,0.00510204081632653,196,1,0.014925373134328358,0.01,0.00510204081632653,0.00510204081632653,196,1,1.0,0.01,0.00510204081632653,0.00510204081632653
G01T,244,1,0.004098360655737705,0.0,0.005,0.004098360655737705,244,1,0.009615384615384616,0.0,0.005,0.004098360655737705,244,1,0.5,0.01,0.005,0.004098360655737705,244,1,0.013513513513513514,0.01,0.005,0.004098360655737705,244,1,1.0,0.01,0.005,0.004098360655737705
A61L,214,1,0.004672897196261682,0.01,0.005,0.004672897196261682,214,1,0.024390243902439025,0.01,0.005,0.004672897196261682,214,1,0.03333333333333333,0.01,0.005,0.004672897196261682,214,1,0.030303030303030304,0.01,0.005,0.004672897196261682,214,1,1.0,0.01,0.005,0.004672897196261682
G01S,408,1,0.0024509803921568627,0.0,0.0,0.0024509803921568627,408,1,0.0035714285714285713,0.0,0.0,0.0024509803921568627,408,1,0.0033222591362126247,0.0,0.0,0.0024509803921568627,408,1,0.0031645569620253164,0.0,0.0,0.0024509803921568627,408,1,1.0,0.01,0.005,0.0024509803921568627
B21K,120,1,0.008333333333333333,0.0,0.008333333333333333,0.008333333333333333,120,1,0.008403361344537815,0.0,0.008333333333333333,0.008333333333333333,120,1,0.009615384615384616,0.0,0.008333333333333333,0.008333333333333333,120,1,0.009900990099009901,0.0,0.008333333333333333,0.008333333333333333,120,1,1.0,0.01,0.008333333333333333,0.008333333333333333
G04B,163,1,0.006134969325153374,0.0,0.006134969325153374,0.006134969325153374,163,1,0.007194244604316547,0.0,0.006134969325153374,0.006134969325153374,163,1,0.006944444444444444,0.0,0.006134969325153374,0.006134969325153374,163,1,0.007874015748031496,0.0,0.006134969325153374,0.006134969325153374,163,1,1.0,0.01,0.006134969325153374,0.006134969325153374
G03F,131,1,0.007633587786259542,0.01,0.007633587786259542,0.007633587786259542,131,1,0.05263157894736842,0.01,0.007633587786259542,0.007633587786259542,131,1,0.00819672131147541,0.0,0.007633587786259542,0.007633587786259542,131,1,0.011235955056179775,0.01,0.007633587786259542,0.007633587786259542,131,1,1.0,0.01,0.007633587786259542,0.007633587786259542
G03D,80,1,0.0125,0.0125,0.0125,0.0125,80,1,0.02857142857142857,0.0125,0.0125,0.0125,80,1,0.02702702702702703,0.0125,0.0125,0.0125,80,1,0.017543859649122806,0.0125,0.0125,0.0125,80,1,1.0,0.0125,0.0125,0.0125
F41D,60,1,0.016666666666666666,0.016666666666666666,0.016666666666666666,0.016666666666666666,60,1,1.0,0.016666666666666666,0.016666666666666666,0.016666666666666666,60,1,0.05,0.016666666666666666,0.016666666666666666,0.016666666666666666,60,1,0.5,0.016666666666666666,0.016666666666666666,0.016666666666666666,60,1,1.0,0.016666666666666666,0.016666666666666666,0.016666666666666666
B23B,491,1,0.002036659877800407,0.01,0.005,0.002036659877800407,491,1,0.005,0.0,0.005,0.002036659877800407,491,1,0.038461538461538464,0.01,0.005,0.002036659877800407,491,1,0.023809523809523808,0.01,0.005,0.002036659877800407,491,1,1.0,0.01,0.005,0.002036659877800407
B23C,159,1,0.006289308176100629,0.01,0.006289308176100629,0.006289308176100629,159,1,0.0064516129032258064,0.0,0.006289308176100629,0.006289308176100629,159,1,0.009433962264150943,0.0,0.006289308176100629,0.006289308176100629,159,1,0.006578947368421052,0.0,0.006289308176100629,0.006289308176100629,159,1,1.0,0.01,0.006289308176100629,0.006289308176100629
A45F,139,1,0.007194244604316547,0.01,0.007194244604316547,0.007194244604316547,139,1,0.025,0.01,0.007194244604316547,0.007194244604316547,139,1,0.022222222222222223,0.01,0.007194244604316547,0.007194244604316547,139,1,0.07142857142857142,0.01,0.007194244604316547,0.007194244604316547,139,1,1.0,0.01,0.007194244604316547,0.007194244604316547
B01F,515,1,0.001941747572815534,0.0,0.0,0.0,515,1,0.005076142131979695,0.0,0.005,0.002,515,1,0.009900990099009901,0.0,0.005,0.002,515,1,0.0029940119760479044,0.0,0.0,0.002,515,1,1.0,0.01,0.005,0.002
A63H,397,1,0.0025188916876574307,0.0,0.005,0.0025188916876574307,397,1,0.0025380710659898475,0.0,0.0,0.0025188916876574307,397,1,0.003436426116838488,0.0,0.0,0.0025188916876574307,397,1,0.003745318352059925,0.0,0.0,0.0025188916876574307,397,1,1.0,0.01,0.005,0.0025188916876574307
B02C,405,1,0.0024691358024691358,0.0,0.005,0.0024691358024691358,405,1,0.0038910505836575876,0.0,0.0,0.0024691358024691358,405,1,0.0028653295128939827,0.0,0.0,0.0024691358024691358,405,1,0.003367003367003367,0.0,0.0,0.0024691358024691358,405,1,1.0,0.01,0.005,0.0024691358024691358
A63F,398,1,0.002512562814070352,0.01,0.005,0.002512562814070352,398,1,0.009259259259259259,0.0,0.005,0.002512562814070352,398,1,0.008620689655172414,0.0,0.005,0.002512562814070352,398,1,0.010416666666666666,0.01,0.005,0.002512562814070352,398,1,1.0,0.01,0.005,0.002512562814070352
G10D,168,1,0.005952380952380952,0.0,0.005952380952380952,0.005952380952380952,168,1,0.012195121951219513,0.01,0.005952380952380952,0.005952380952380952,168,1,0.016129032258064516,0.01,0.005952380952380952,0.005952380952380952,168,1,0.01694915254237288,0.01,0.005952380952380952,0.005952380952380952,168,1,1.0,0.01,0.005952380952380952,0.005952380952380952
G07D,59,1,0.01694915254237288,0.01694915254237288,0.01694915254237288,0.01694915254237288,59,1,0.01694915254237288,0.01694915254237288,0.01694915254237288,0.01694915254237288,59,1,0.01694915254237288,0.01694915254237288,0.01694915254237288,0.01694915254237288,59,1,0.01694915254237288,0.01694915254237288,0.01694915254237288,0.01694915254237288,59,1,1.0,0.01694915254237288,0.01694915254237288,0.01694915254237288
G06G,113,1,0.008849557522123894,0.01,0.008849557522123894,0.008849557522123894,113,1,0.038461538461538464,0.01,0.008849557522123894,0.008849557522123894,113,1,0.0196078431372549,0.01,0.008849557522123894,0.008849557522123894,113,1,0.01020408163265306,0.01,0.008849557522123894,0.008849557522123894,113,1,1.0,0.01,0.008849557522123894,0.008849557522123894
G01R,1517,1,0.0006591957811470006,0.0,0.0,0.002,1517,1,0.002145922746781116,0.0,0.0,0.002,1517,1,0.0017391304347826088,0.0,0.0,0.0,1517,1,0.0022271714922048997,0.0,0.0,0.002,1517,1,1.0,0.01,0.005,0.002
B05D,1158,1,0.0008635578583765112,0.0,0.0,0.0,1158,1,0.0008680555555555555,0.0,0.0,0.0,1158,1,0.0013123359580052493,0.0,0.0,0.0,1158,1,0.0008726003490401396,0.0,0.0,0.0,1158,1,1.0,0.01,0.005,0.002
G21F,115,1,0.008695652173913044,0.01,0.008695652173913044,0.008695652173913044,115,1,0.09090909090909091,0.01,0.008695652173913044,0.008695652173913044,115,1,0.020833333333333332,0.01,0.008695652173913044,0.008695652173913044,115,1,0.3333333333333333,0.01,0.008695652173913044,0.008695652173913044,115,1,1.0,0.01,0.008695652173913044,0.008695652173913044
G21C,495,1,0.00202020202020202,0.0,0.005,0.00202020202020202,495,1,0.005681818181818182,0.0,0.005,0.00202020202020202,495,1,0.1,0.01,0.005,0.00202020202020202,495,1,0.015625,0.01,0.005,0.00202020202020202,495,1,1.0,0.01,0.005,0.00202020202020202
A45D,204,1,0.004901960784313725,0.0,0.005,0.004901960784313725,204,1,0.09090909090909091,0.01,0.005,0.004901960784313725,204,1,0.5,0.01,0.005,0.004901960784313725,204,1,1.0,0.01,0.005,0.004901960784313725,204,1,1.0,0.01,0.005,0.004901960784313725
H01C,193,1,0.0051813471502590676,0.01,0.0051813471502590676,0.0051813471502590676,193,1,0.02040816326530612,0.01,0.0051813471502590676,0.0051813471502590676,193,1,0.008620689655172414,0.0,0.0051813471502590676,0.0051813471502590676,193,1,0.008064516129032258,0.0,0.0051813471502590676,0.0051813471502590676,193,1,1.0,0.01,0.0051813471502590676,0.0051813471502590676
H04J,526,1,0.0019011406844106464,0.0,0.005,0.002,526,1,0.0049261083743842365,0.0,0.0,0.002,526,1,0.009523809523809525,0.0,0.005,0.002,526,1,0.018867924528301886,0.01,0.005,0.002,526,1,1.0,0.01,0.005,0.002
A45B,63,1,0.015873015873015872,0.015873015873015872,0.015873015873015872,0.015873015873015872,63,1,0.023809523809523808,0.015873015873015872,0.015873015873015872,0.015873015873015872,63,1,0.027777777777777776,0.015873015873015872,0.015873015873015872,0.015873015873015872,63,1,0.022222222222222223,0.015873015873015872,0.015873015873015872,0.015873015873015872,63,1,1.0,0.015873015873015872,0.015873015873015872,0.015873015873015872
H04Q,498,1,0.002008032128514056,0.0,0.005,0.002008032128514056,498,1,0.0625,0.01,0.005,0.002008032128514056,498,1,0.03225806451612903,0.01,0.005,0.002008032128514056,498,1,0.07142857142857142,0.01,0.005,0.002008032128514056,498,1,1.0,0.01,0.005,0.002008032128514056
A24C,86,1,0.011627906976744186,0.011627906976744186,0.011627906976744186,0.011627906976744186,86,1,0.5,0.011627906976744186,0.011627906976744186,0.011627906976744186,86,1,0.1111111111111111,0.011627906976744186,0.011627906976744186,0.011627906976744186,86,1,0.05263157894736842,0.011627906976744186,0.011627906976744186,0.011627906976744186,86,1,1.0,0.011627906976744186,0.011627906976744186,0.011627906976744186
H04R,322,1,0.003105590062111801,0.0,0.0,0.003105590062111801,322,1,0.005291005291005291,0.0,0.005,0.003105590062111801,322,1,0.004,0.0,0.0,0.003105590062111801,322,1,0.00392156862745098,0.0,0.0,0.003105590062111801,322,1,1.0,0.01,0.005,0.003105590062111801
H05B,1023,1,0.0009775171065493646,0.0,0.0,0.0,1023,1,0.0014104372355430183,0.0,0.0,0.0,1023,1,0.005555555555555556,0.0,0.005,0.002,1023,1,0.002702702702702703,0.0,0.0,0.002,1023,1,1.0,0.01,0.005,0.002
A23P,57,1,0.017543859649122806,0.017543859649122806,0.017543859649122806,0.017543859649122806,57,1,0.029411764705882353,0.017543859649122806,0.017543859649122806,0.017543859649122806,57,1,0.038461538461538464,0.017543859649122806,0.017543859649122806,0.017543859649122806,57,1,0.034482758620689655,0.017543859649122806,0.017543859649122806,0.017543859649122806,57,1,1.0,0.017543859649122806,0.017543859649122806,0.017543859649122806
G01K,185,1,0.005405405405405406,0.01,0.005405405405405406,0.005405405405405406,185,1,0.005434782608695652,0.0,0.005405405405405406,0.005405405405405406,185,1,0.00546448087431694,0.0,0.005405405405405406,0.005405405405405406,185,1,0.005434782608695652,0.0,0.005405405405405406,0.005405405405405406,185,1,1.0,0.01,0.005405405405405406,0.005405405405405406
G01G,267,1,0.003745318352059925,0.0,0.005,0.003745318352059925,267,1,0.005649717514124294,0.0,0.005,0.003745318352059925,267,1,0.0044444444444444444,0.0,0.0,0.003745318352059925,267,1,0.0051813471502590676,0.0,0.005,0.003745318352059925,267,1,1.0,0.01,0.005,0.003745318352059925
G01F,557,1,0.0017953321364452424,0.0,0.0,0.002,557,1,0.02564102564102564,0.01,0.005,0.002,557,1,0.0036363636363636364,0.0,0.0,0.002,557,1,0.006211180124223602,0.0,0.005,0.002,557,1,1.0,0.01,0.005,0.002
F42C,81,1,0.012345679012345678,0.012345679012345678,0.012345679012345678,0.012345679012345678,81,1,0.045454545454545456,0.012345679012345678,0.012345679012345678,0.012345679012345678,81,1,0.3333333333333333,0.012345679012345678,0.012345679012345678,0.012345679012345678,81,1,0.5,0.012345679012345678,0.012345679012345678,0.012345679012345678,81,1,1.0,0.012345679012345678,0.012345679012345678,0.012345679012345678
B31B,129,1,0.007751937984496124,0.01,0.007751937984496124,0.007751937984496124,129,1,0.04,0.01,0.007751937984496124,0.007751937984496124,129,1,0.0136986301369863,0.01,0.007751937984496124,0.007751937984496124,129,1,0.038461538461538464,0.01,0.007751937984496124,0.007751937984496124,129,1,1.0,0.01,0.007751937984496124,0.007751937984496124
F41G,87,1,0.011494252873563218,0.011494252873563218,0.011494252873563218,0.011494252873563218,87,1,0.09090909090909091,0.011494252873563218,0.011494252873563218,0.011494252873563218,87,1,1.0,0.011494252873563218,0.011494252873563218,0.011494252873563218,87,1,0.2,0.011494252873563218,0.011494252873563218,0.011494252873563218,87,1,1.0,0.011494252873563218,0.011494252873563218,0.011494252873563218
B29B,114,1,0.008771929824561403,0.01,0.008771929824561403,0.008771929824561403,114,1,0.09090909090909091,0.01,0.008771929824561403,0.008771929824561403,114,1,0.009259259259259259,0.0,0.008771929824561403,0.008771929824561403,114,1,0.008928571428571428,0.0,0.008771929824561403,0.008771929824561403,114,1,1.0,0.01,0.008771929824561403,0.008771929824561403
B30B,175,1,0.005714285714285714,0.01,0.005714285714285714,0.005714285714285714,175,1,0.005747126436781609,0.0,0.005714285714285714,0.005714285714285714,175,1,0.006211180124223602,0.0,0.005714285714285714,0.005714285714285714,175,1,0.005988023952095809,0.0,0.005714285714285714,0.005714285714285714,175,1,1.0,0.01,0.005714285714285714,0.005714285714285714
B26D,278,1,0.0035971223021582736,0.0,0.005,0.0035971223021582736,278,1,0.025,0.01,0.005,0.0035971223021582736,278,1,0.014492753623188406,0.01,0.005,0.0035971223021582736,278,1,0.007751937984496124,0.0,0.005,0.0035971223021582736,278,1,1.0,0.01,0.005,0.0035971223021582736
B26F,88,1,0.011363636363636364,0.011363636363636364,0.011363636363636364,0.011363636363636364,88,1,0.2,0.011363636363636364,0.011363636363636364,0.011363636363636364,88,1,0.2,0.011363636363636364,0.011363636363636364,0.011363636363636364,88,1,0.3333333333333333,0.011363636363636364,0.011363636363636364,0.011363636363636364,88,1,1.0,0.011363636363636364,0.011363636363636364,0.011363636363636364
B28C,51,1,0.0196078431372549,0.0196078431372549,0.0196078431372549,0.0196078431372549,51,1,0.02564102564102564,0.0196078431372549,0.0196078431372549,0.0196078431372549,51,1,0.02702702702702703,0.0196078431372549,0.0196078431372549,0.0196078431372549,51,1,0.05263157894736842,0.0196078431372549,0.0196078431372549,0.0196078431372549,51,1,1.0,0.0196078431372549,0.0196078431372549,0.0196078431372549
B27B,158,1,0.006329113924050633,0.01,0.006329113924050633,0.006329113924050633,158,1,0.05263157894736842,0.01,0.006329113924050633,0.006329113924050633,158,1,0.00819672131147541,0.0,0.006329113924050633,0.006329113924050633,158,1,0.014492753623188406,0.01,0.006329113924050633,0.006329113924050633,158,1,1.0,0.01,0.006329113924050633,0.006329113924050633
B25J,174,1,0.005747126436781609,0.0,0.005747126436781609,0.005747126436781609,174,1,0.010638297872340425,0.01,0.005747126436781609,0.005747126436781609,174,1,0.01639344262295082,0.01,0.005747126436781609,0.005747126436781609,174,1,0.02564102564102564,0.01,0.005747126436781609,0.005747126436781609,174,1,1.0,0.01,0.005747126436781609,0.005747126436781609
B25B,482,1,0.002074688796680498,0.0,0.005,0.002074688796680498,482,1,0.037037037037037035,0.01,0.005,0.002074688796680498,482,1,0.011494252873563218,0.01,0.005,0.002074688796680498,482,1,0.010416666666666666,0.01,0.005,0.002074688796680498,482,1,1.0,0.01,0.005,0.002074688796680498
B25C,113,1,0.008849557522123894,0.0,0.008849557522123894,0.008849557522123894,113,1,0.016666666666666666,0.01,0.008849557522123894,0.008849557522123894,113,1,0.015384615384615385,0.01,0.008849557522123894,0.008849557522123894,113,1,0.03125,0.01,0.008849557522123894,0.008849557522123894,113,1,1.0,0.01,0.008849557522123894,0.008849557522123894
B03B,56,1,0.017857142857142856,0.017857142857142856,0.017857142857142856,0.017857142857142856,56,1,0.034482758620689655,0.017857142857142856,0.017857142857142856,0.017857142857142856,56,1,0.02127659574468085,0.017857142857142856,0.017857142857142856,0.017857142857142856,56,1,0.024390243902439025,0.017857142857142856,0.017857142857142856,0.017857142857142856,56,1,1.0,0.017857142857142856,0.017857142857142856,0.017857142857142856
G03H,54,1,0.018518518518518517,0.018518518518518517,0.018518518518518517,0.018518518518518517,54,1,0.02631578947368421,0.018518518518518517,0.018518518518518517,0.018518518518518517,54,1,0.021739130434782608,0.018518518518518517,0.018518518518518517,0.018518518518518517,54,1,0.02857142857142857,0.018518518518518517,0.018518518518518517,0.018518518518518517,54,1,1.0,0.018518518518518517,0.018518518518518517,0.018518518518518517
G05B,424,1,0.0023584905660377358,0.01,0.005,0.0023584905660377358,424,1,0.004405286343612335,0.0,0.0,0.0023584905660377358,424,1,0.0030581039755351682,0.0,0.0,0.0023584905660377358,424,1,0.0034482758620689655,0.0,0.0,0.0023584905660377358,424,1,1.0,0.01,0.005,0.0023584905660377358
G04F,51,1,0.0196078431372549,0.0196078431372549,0.0196078431372549,0.0196078431372549,51,1,0.0196078431372549,0.0196078431372549,0.0196078431372549,0.0196078431372549,51,1,0.023255813953488372,0.0196078431372549,0.0196078431372549,0.0196078431372549,51,1,0.025,0.0196078431372549,0.0196078431372549,0.0196078431372549,51,1,1.0,0.0196078431372549,0.0196078431372549,0.0196078431372549
B24B,403,1,0.0024813895781637717,0.0,0.0,0.0024813895781637717,403,1,0.008928571428571428,0.0,0.005,0.0024813895781637717,403,1,0.003367003367003367,0.0,0.0,0.0024813895781637717,403,1,0.02,0.01,0.005,0.0024813895781637717,403,1,1.0,0.01,0.005,0.0024813895781637717
B23D,161,1,0.006211180124223602,0.01,0.006211180124223602,0.006211180124223602,161,1,0.022727272727272728,0.01,0.006211180124223602,0.006211180124223602,161,1,0.030303030303030304,0.01,0.006211180124223602,0.006211180124223602,161,1,0.01639344262295082,0.01,0.006211180124223602,0.006211180124223602,161,1,1.0,0.01,0.006211180124223602,0.006211180124223602
F16G,171,1,0.005847953216374269,0.01,0.005847953216374269,0.005847953216374269,171,1,0.009900990099009901,0.0,0.005847953216374269,0.005847953216374269,171,1,0.012658227848101266,0.01,0.005847953216374269,0.005847953216374269,171,1,0.008771929824561403,0.0,0.005847953216374269,0.005847953216374269,171,1,1.0,0.01,0.005847953216374269,0.005847953216374269
B60T,588,1,0.0017006802721088435,0.0,0.0,0.002,588,1,0.0017605633802816902,0.0,0.0,0.0,588,1,0.0019157088122605363,0.0,0.0,0.0,588,1,0.0022123893805309734,0.0,0.0,0.002,588,1,1.0,0.01,0.005,0.002
B60R,650,1,0.0015384615384615385,0.01,0.005,0.002,650,1,0.008771929824561403,0.0,0.005,0.002,650,1,0.0032679738562091504,0.0,0.0,0.002,650,1,0.008771929824561403,0.0,0.005,0.002,650,1,1.0,0.01,0.005,0.002
F24H,129,1,0.007751937984496124,0.01,0.007751937984496124,0.007751937984496124,129,1,0.019230769230769232,0.01,0.007751937984496124,0.007751937984496124,129,1,0.01818181818181818,0.01,0.007751937984496124,0.007751937984496124,129,1,0.025,0.01,0.007751937984496124,0.007751937984496124,129,1,1.0,0.01,0.007751937984496124,0.007751937984496124
F25D,270,1,0.003703703703703704,0.01,0.005,0.003703703703703704,270,1,0.004545454545454545,0.0,0.0,0.003703703703703704,270,1,0.004366812227074236,0.0,0.0,0.003703703703703704,270,1,0.00558659217877095,0.0,0.005,0.003703703703703704,270,1,1.0,0.01,0.005,0.003703703703703704
F27B,152,1,0.006578947368421052,0.01,0.006578947368421052,0.006578947368421052,152,1,0.02127659574468085,0.01,0.006578947368421052,0.006578947368421052,152,1,0.02040816326530612,0.01,0.006578947368421052,0.006578947368421052,152,1,0.011904761904761904,0.01,0.006578947368421052,0.006578947368421052,152,1,1.0,0.01,0.006578947368421052,0.006578947368421052
F25J,128,1,0.0078125,0.01,0.0078125,0.0078125,128,1,0.017241379310344827,0.01,0.0078125,0.0078125,128,1,0.25,0.01,0.0078125,0.0078125,128,1,0.03333333333333333,0.01,0.0078125,0.0078125,128,1,1.0,0.01,0.0078125,0.0078125
G01P,171,1,0.005847953216374269,0.01,0.005847953216374269,0.005847953216374269,171,1,0.021739130434782608,0.01,0.005847953216374269,0.005847953216374269,171,1,0.043478260869565216,0.01,0.005847953216374269,0.005847953216374269,171,1,0.025,0.01,0.005847953216374269,0.005847953216374269,171,1,1.0,0.01,0.005847953216374269,0.005847953216374269
F23Q,72,1,0.013888888888888888,0.013888888888888888,0.013888888888888888,0.013888888888888888,72,1,0.047619047619047616,0.013888888888888888,0.013888888888888888,0.013888888888888888,72,1,0.05263157894736842,0.013888888888888888,0.013888888888888888,0.013888888888888888,72,1,0.03571428571428571,0.013888888888888888,0.013888888888888888,0.013888888888888888,72,1,1.0,0.013888888888888888,0.013888888888888888,0.013888888888888888
B41M,338,1,0.0029585798816568047,0.01,0.005,0.0029585798816568047,338,1,0.0072992700729927005,0.0,0.005,0.0029585798816568047,338,1,0.006896551724137931,0.0,0.005,0.0029585798816568047,338,1,0.007352941176470588,0.0,0.005,0.0029585798816568047,338,1,1.0,0.01,0.005,0.0029585798816568047
G01M,409,1,0.0024449877750611247,0.0,0.005,0.0024449877750611247,409,1,0.002717391304347826,0.0,0.0,0.0024449877750611247,409,1,0.0125,0.01,0.005,0.0024449877750611247,409,1,0.0026109660574412533,0.0,0.0,0.0024449877750611247,409,1,1.0,0.01,0.005,0.0024449877750611247
F16M,327,1,0.0030581039755351682,0.0,0.005,0.0030581039755351682,327,1,0.006622516556291391,0.0,0.005,0.0030581039755351682,327,1,0.004273504273504274,0.0,0.0,0.0030581039755351682,327,1,0.01098901098901099,0.01,0.005,0.0030581039755351682,327,1,1.0,0.01,0.005,0.0030581039755351682
F16L,983,1,0.001017293997965412,0.0,0.005,0.002,983,1,0.0015527950310559005,0.0,0.0,0.0,983,1,0.0015313935681470138,0.0,0.0,0.0,983,1,0.001834862385321101,0.0,0.0,0.0,983,1,1.0,0.01,0.005,0.002
F16K,1136,1,0.0008802816901408451,0.0,0.0,0.0,1136,1,0.0014947683109118087,0.0,0.0,0.0,1136,1,0.0009891196834817012,0.0,0.0,0.0,1136,1,0.002109704641350211,0.0,0.0,0.002,1136,1,1.0,0.01,0.005,0.002
F16J,380,1,0.002631578947368421,0.0,0.005,0.002631578947368421,380,1,0.004651162790697674,0.0,0.0,0.002631578947368421,380,1,0.007407407407407408,0.0,0.005,0.002631578947368421,380,1,0.005952380952380952,0.0,0.005,0.002631578947368421,380,1,1.0,0.01,0.005,0.002631578947368421
B63B,451,1,0.0022172949002217295,0.0,0.0,0.0022172949002217295,451,1,0.005050505050505051,0.0,0.005,0.0022172949002217295,451,1,0.0033112582781456954,0.0,0.0,0.0022172949002217295,451,1,0.004032258064516129,0.0,0.0,0.0022172949002217295,451,1,1.0,0.01,0.005,0.0022172949002217295
B62K,127,1,0.007874015748031496,0.01,0.007874015748031496,0.007874015748031496,127,1,0.013157894736842105,0.01,0.007874015748031496,0.007874015748031496,127,1,0.021739130434782608,0.01,0.007874015748031496,0.007874015748031496,127,1,0.009259259259259259,0.0,0.007874015748031496,0.007874015748031496,127,1,1.0,0.01,0.007874015748031496,0.007874015748031496
B62B,228,1,0.0043859649122807015,0.01,0.005,0.0043859649122807015,228,1,0.013333333333333334,0.01,0.005,0.0043859649122807015,228,1,0.022727272727272728,0.01,0.005,0.0043859649122807015,228,1,0.01282051282051282,0.01,0.005,0.0043859649122807015,228,1,1.0,0.01,0.005,0.0043859649122807015
B61B,69,1,0.014492753623188406,0.014492753623188406,0.014492753623188406,0.014492753623188406,69,1,0.02127659574468085,0.014492753623188406,0.014492753623188406,0.014492753623188406,69,1,0.038461538461538464,0.014492753623188406,0.014492753623188406,0.014492753623188406,69,1,0.06666666666666667,0.014492753623188406,0.014492753623188406,0.014492753623188406,69,1,1.0,0.014492753623188406,0.014492753623188406,0.014492753623188406
B65C,55,1,0.01818181818181818,0.01818181818181818,0.01818181818181818,0.01818181818181818,55,1,0.02564102564102564,0.01818181818181818,0.01818181818181818,0.01818181818181818,55,1,0.03571428571428571,0.01818181818181818,0.01818181818181818,0.01818181818181818,55,1,0.03225806451612903,0.01818181818181818,0.01818181818181818,0.01818181818181818,55,1,1.0,0.01818181818181818,0.01818181818181818,0.01818181818181818
B65B,957,1,0.0010449320794148381,0.0,0.0,0.002,957,1,0.0012165450121654502,0.0,0.0,0.0,957,1,0.0017761989342806395,0.0,0.0,0.0,957,1,0.001199040767386091,0.0,0.0,0.0,957,1,1.0,0.01,0.005,0.002
B65G,1253,1,0.0007980845969672786,0.0,0.0,0.0,1253,1,0.0014492753623188406,0.0,0.0,0.0,1253,1,0.009259259259259259,0.0,0.005,0.002,1253,1,0.016666666666666666,0.01,0.005,0.002,1253,1,1.0,0.01,0.005,0.002
F17C,58,1,0.017241379310344827,0.017241379310344827,0.017241379310344827,0.017241379310344827,58,1,0.017241379310344827,0.017241379310344827,0.017241379310344827,0.017241379310344827,58,1,0.022222222222222223,0.017241379310344827,0.017241379310344827,0.017241379310344827,58,1,0.017241379310344827,0.017241379310344827,0.017241379310344827,0.017241379310344827,58,1,1.0,0.017241379310344827,0.017241379310344827,0.017241379310344827
B64D,181,1,0.0055248618784530384,0.0,0.0055248618784530384,0.0055248618784530384,181,1,0.005917159763313609,0.0,0.0055248618784530384,0.0055248618784530384,181,1,0.0056179775280898875,0.0,0.0055248618784530384,0.0055248618784530384,181,1,0.005555555555555556,0.0,0.0055248618784530384,0.0055248618784530384,181,1,1.0,0.01,0.0055248618784530384,0.0055248618784530384
B64G,91,1,0.01098901098901099,0.01098901098901099,0.01098901098901099,0.01098901098901099,91,1,0.047619047619047616,0.01098901098901099,0.01098901098901099,0.01098901098901099,91,1,0.01639344262295082,0.01098901098901099,0.01098901098901099,0.01098901098901099,91,1,0.038461538461538464,0.01098901098901099,0.01098901098901099,0.01098901098901099,91,1,1.0,0.01098901098901099,0.01098901098901099,0.01098901098901099
F23C,52,1,0.019230769230769232,0.019230769230769232,0.019230769230769232,0.019230769230769232,52,1,0.14285714285714285,0.019230769230769232,0.019230769230769232,0.019230769230769232,52,1,0.05263157894736842,0.019230769230769232,0.019230769230769232,0.019230769230769232,52,1,0.06666666666666667,0.019230769230769232,0.019230769230769232,0.019230769230769232,52,1,1.0,0.019230769230769232,0.019230769230769232,0.019230769230769232
F23G,78,1,0.01282051282051282,0.01282051282051282,0.01282051282051282,0.01282051282051282,78,1,0.16666666666666666,0.01282051282051282,0.01282051282051282,0.01282051282051282,78,1,0.04,0.01282051282051282,0.01282051282051282,0.01282051282051282,78,1,0.1111111111111111,0.01282051282051282,0.01282051282051282,0.01282051282051282,78,1,1.0,0.01282051282051282,0.01282051282051282,0.01282051282051282
C02F,528,1,0.001893939393939394,0.0,0.005,0.002,528,1,0.002551020408163265,0.0,0.0,0.002,528,1,0.03225806451612903,0.01,0.005,0.002,528,1,0.00205761316872428,0.0,0.0,0.002,528,1,1.0,0.01,0.005,0.002
C01B,587,1,0.0017035775127768314,0.0,0.0,0.0,587,1,0.004484304932735426,0.0,0.0,0.002,587,1,0.00510204081632653,0.0,0.005,0.002,587,1,0.006172839506172839,0.0,0.005,0.002,587,1,1.0,0.01,0.005,0.002
B67B,126,1,0.007936507936507936,0.01,0.007936507936507936,0.007936507936507936,126,1,0.037037037037037035,0.01,0.007936507936507936,0.007936507936507936,126,1,0.009615384615384616,0.0,0.007936507936507936,0.007936507936507936,126,1,0.027777777777777776,0.01,0.007936507936507936,0.007936507936507936,126,1,1.0,0.01,0.007936507936507936,0.007936507936507936
B66D,56,1,0.017857142857142856,0.017857142857142856,0.017857142857142856,0.017857142857142856,56,1,0.022727272727272728,0.017857142857142856,0.017857142857142856,0.017857142857142856,56,1,0.023809523809523808,0.017857142857142856,0.017857142857142856,0.017857142857142856,56,1,0.0196078431372549,0.017857142857142856,0.017857142857142856,0.017857142857142856,56,1,1.0,0.017857142857142856,0.017857142857142856,0.017857142857142856
B66C,237,1,0.004219409282700422,0.01,0.005,0.004219409282700422,237,1,0.005649717514124294,0.0,0.005,0.004219409282700422,237,1,0.005747126436781609,0.0,0.005,0.004219409282700422,237,1,0.00510204081632653,0.0,0.005,0.004219409282700422,237,1,1.0,0.01,0.005,0.004219409282700422
C06B,78,1,0.01282051282051282,0.01282051282051282,0.01282051282051282,0.01282051282051282,78,1,0.013888888888888888,0.01282051282051282,0.01282051282051282,0.01282051282051282,78,1,0.017241379310344827,0.01282051282051282,0.01282051282051282,0.01282051282051282,78,1,0.02040816326530612,0.01282051282051282,0.01282051282051282,0.01282051282051282,78,1,1.0,0.01282051282051282,0.01282051282051282,0.01282051282051282
C07K,291,1,0.003436426116838488,0.01,0.005,0.003436426116838488,291,1,0.008264462809917356,0.0,0.005,0.003436426116838488,291,1,0.011764705882352941,0.01,0.005,0.003436426116838488,291,1,0.018518518518518517,0.01,0.005,0.003436426116838488,291,1,1.0,0.01,0.005,0.003436426116838488
F41B,149,1,0.006711409395973154,0.0,0.006711409395973154,0.006711409395973154,149,1,0.011363636363636364,0.01,0.006711409395973154,0.006711409395973154,149,1,0.015151515151515152,0.01,0.006711409395973154,0.006711409395973154,149,1,0.010638297872340425,0.01,0.006711409395973154,0.006711409395973154,149,1,1.0,0.01,0.006711409395973154,0.006711409395973154
B43K,86,1,0.011627906976744186,0.011627906976744186,0.011627906976744186,0.011627906976744186,86,1,0.013513513513513514,0.011627906976744186,0.011627906976744186,0.011627906976744186,86,1,0.012195121951219513,0.011627906976744186,0.011627906976744186,0.011627906976744186,86,1,0.012048192771084338,0.011627906976744186,0.011627906976744186,0.011627906976744186,86,1,1.0,0.011627906976744186,0.011627906976744186,0.011627906976744186
B43L,62,1,0.016129032258064516,0.016129032258064516,0.016129032258064516,0.016129032258064516,62,1,0.02857142857142857,0.016129032258064516,0.016129032258064516,0.016129032258064516,62,1,0.08333333333333333,0.016129032258064516,0.016129032258064516,0.016129032258064516,62,1,0.03125,0.016129032258064516,0.016129032258064516,0.016129032258064516,62,1,1.0,0.016129032258064516,0.016129032258064516,0.016129032258064516
B60G,329,1,0.00303951367781155,0.01,0.005,0.00303951367781155,329,1,0.004672897196261682,0.0,0.0,0.00303951367781155,329,1,0.0038461538461538464,0.0,0.0,0.00303951367781155,329,1,0.004366812227074236,0.0,0.0,0.00303951367781155,329,1,1.0,0.01,0.005,0.00303951367781155
B60C,327,1,0.0030581039755351682,0.0,0.0,0.0030581039755351682,327,1,0.0033444816053511705,0.0,0.0,0.0030581039755351682,327,1,0.0035335689045936395,0.0,0.0,0.0030581039755351682,327,1,0.003236245954692557,0.0,0.0,0.0030581039755351682,327,1,1.0,0.01,0.005,0.0030581039755351682
B60H,127,1,0.007874015748031496,0.01,0.007874015748031496,0.007874015748031496,127,1,0.03571428571428571,0.01,0.007874015748031496,0.007874015748031496,127,1,0.023255813953488372,0.01,0.007874015748031496,0.007874015748031496,127,1,0.015384615384615385,0.01,0.007874015748031496,0.007874015748031496,127,1,1.0,0.01,0.007874015748031496,0.007874015748031496
B25G,139,1,0.007194244604316547,0.01,0.007194244604316547,0.007194244604316547,139,1,0.00847457627118644,0.0,0.007194244604316547,0.007194244604316547,139,1,0.007692307692307693,0.0,0.007194244604316547,0.007194244604316547,139,1,0.008333333333333333,0.0,0.007194244604316547,0.007194244604316547,139,1,1.0,0.01,0.007194244604316547,0.007194244604316547
F24C,142,1,0.007042253521126761,0.0,0.007042253521126761,0.007042253521126761,142,1,0.008928571428571428,0.0,0.007042253521126761,0.007042253521126761,142,1,0.007692307692307693,0.0,0.007042253521126761,0.007042253521126761,142,1,0.007633587786259542,0.0,0.007042253521126761,0.007042253521126761,142,1,1.0,0.01,0.007042253521126761,0.007042253521126761
G01L,431,1,0.002320185614849188,0.0,0.0,0.002320185614849188,431,1,0.016666666666666666,0.01,0.005,0.002320185614849188,431,1,0.009345794392523364,0.0,0.005,0.002320185614849188,431,1,0.004608294930875576,0.0,0.0,0.002320185614849188,431,1,1.0,0.01,0.005,0.002320185614849188
F04D,257,1,0.0038910505836575876,0.01,0.005,0.0038910505836575876,257,1,0.010638297872340425,0.01,0.005,0.0038910505836575876,257,1,0.011111111111111112,0.01,0.005,0.0038910505836575876,257,1,0.020833333333333332,0.01,0.005,0.0038910505836575876,257,1,1.0,0.01,0.005,0.0038910505836575876
F04C,183,1,0.00546448087431694,0.0,0.00546448087431694,0.00546448087431694,183,1,0.00546448087431694,0.0,0.00546448087431694,0.00546448087431694,183,1,0.005494505494505495,0.0,0.00546448087431694,0.00546448087431694,183,1,0.00546448087431694,0.0,0.00546448087431694,0.00546448087431694,183,1,1.0,0.01,0.00546448087431694,0.00546448087431694
F04B,735,1,0.0013605442176870747,0.0,0.0,0.002,735,1,0.0017793594306049821,0.0,0.0,0.0,735,1,0.00303951367781155,0.0,0.0,0.002,735,1,0.0033112582781456954,0.0,0.0,0.002,735,1,1.0,0.01,0.005,0.002
F02M,615,1,0.0016260162601626016,0.01,0.005,0.002,615,1,0.004032258064516129,0.0,0.0,0.002,615,1,0.008547008547008548,0.0,0.005,0.002,615,1,0.011494252873563218,0.01,0.005,0.002,615,1,1.0,0.01,0.005,0.002
F02K,133,1,0.007518796992481203,0.01,0.007518796992481203,0.007518796992481203,133,1,0.06666666666666667,0.01,0.007518796992481203,0.007518796992481203,133,1,0.01020408163265306,0.01,0.007518796992481203,0.007518796992481203,133,1,0.011764705882352941,0.01,0.007518796992481203,0.007518796992481203,133,1,1.0,0.01,0.007518796992481203,0.007518796992481203
B63H,376,1,0.0026595744680851063,0.01,0.005,0.0026595744680851063,376,1,0.006535947712418301,0.0,0.005,0.0026595744680851063,376,1,0.017241379310344827,0.01,0.005,0.0026595744680851063,376,1,0.00980392156862745,0.0,0.005,0.0026595744680851063,376,1,1.0,0.01,0.005,0.0026595744680851063
C08J,383,1,0.0026109660574412533,0.0,0.0,0.0026109660574412533,383,1,0.0037593984962406013,0.0,0.0,0.0026109660574412533,383,1,0.004098360655737705,0.0,0.0,0.0026109660574412533,383,1,0.0072992700729927005,0.0,0.005,0.0026109660574412533,383,1,1.0,0.01,0.005,0.0026109660574412533
C08B,86,1,0.011627906976744186,0.011627906976744186,0.011627906976744186,0.011627906976744186,86,1,0.5,0.011627906976744186,0.011627906976744186,0.011627906976744186,86,1,0.017857142857142856,0.011627906976744186,0.011627906976744186,0.011627906976744186,86,1,0.02040816326530612,0.011627906976744186,0.011627906976744186,0.011627906976744186,86,1,1.0,0.011627906976744186,0.011627906976744186,0.011627906976744186
C07H,166,1,0.006024096385542169,0.01,0.006024096385542169,0.006024096385542169,166,1,0.020833333333333332,0.01,0.006024096385542169,0.006024096385542169,166,1,0.006622516556291391,0.0,0.006024096385542169,0.006024096385542169,166,1,0.010752688172043012,0.01,0.006024096385542169,0.006024096385542169,166,1,1.0,0.01,0.006024096385542169,0.006024096385542169
C10L,230,1,0.004347826086956522,0.0,0.005,0.004347826086956522,230,1,0.004901960784313725,0.0,0.0,0.004347826086956522,230,1,0.023809523809523808,0.01,0.005,0.004347826086956522,230,1,0.017543859649122806,0.01,0.005,0.004347826086956522,230,1,1.0,0.01,0.005,0.004347826086956522
C12M,124,1,0.008064516129032258,0.01,0.008064516129032258,0.008064516129032258,124,1,0.02040816326530612,0.01,0.008064516129032258,0.008064516129032258,124,1,0.010638297872340425,0.01,0.008064516129032258,0.008064516129032258,124,1,0.00909090909090909,0.0,0.008064516129032258,0.008064516129032258,124,1,1.0,0.01,0.008064516129032258,0.008064516129032258
C10J,75,1,0.013333333333333334,0.013333333333333334,0.013333333333333334,0.013333333333333334,75,1,0.013513513513513514,0.013333333333333334,0.013333333333333334,0.013333333333333334,75,1,0.0136986301369863,0.013333333333333334,0.013333333333333334,0.013333333333333334,75,1,0.014285714285714285,0.013333333333333334,0.013333333333333334,0.013333333333333334,75,1,1.0,0.013333333333333334,0.013333333333333334,0.013333333333333334
C09B,247,1,0.004048582995951417,0.0,0.005,0.004048582995951417,247,1,0.010752688172043012,0.01,0.005,0.004048582995951417,247,1,0.006134969325153374,0.0,0.005,0.004048582995951417,247,1,0.009259259259259259,0.0,0.005,0.004048582995951417,247,1,1.0,0.01,0.005,0.004048582995951417
C09J,98,1,0.01020408163265306,0.01020408163265306,0.01020408163265306,0.01020408163265306,98,1,0.022222222222222223,0.01020408163265306,0.01020408163265306,0.01020408163265306,98,1,0.1,0.01020408163265306,0.01020408163265306,0.01020408163265306,98,1,0.025,0.01020408163265306,0.01020408163265306,0.01020408163265306,98,1,1.0,0.01020408163265306,0.01020408163265306,0.01020408163265306
F16B,613,1,0.0016313213703099511,0.0,0.0,0.002,613,1,0.045454545454545456,0.01,0.005,0.002,613,1,0.004366812227074236,0.0,0.0,0.002,613,1,0.0026041666666666665,0.0,0.0,0.002,613,1,1.0,0.01,0.005,0.002
F15B,402,1,0.0024875621890547263,0.0,0.0,0.0024875621890547263,402,1,0.07142857142857142,0.01,0.005,0.0024875621890547263,402,1,0.25,0.01,0.005,0.0024875621890547263,402,1,0.045454545454545456,0.01,0.005,0.0024875621890547263,402,1,1.0,0.01,0.005,0.0024875621890547263
C21C,130,1,0.007692307692307693,0.0,0.007692307692307693,0.007692307692307693,130,1,0.2,0.01,0.007692307692307693,0.007692307692307693,130,1,0.02127659574468085,0.01,0.007692307692307693,0.007692307692307693,130,1,0.030303030303030304,0.01,0.007692307692307693,0.007692307692307693,130,1,1.0,0.01,0.007692307692307693,0.007692307692307693
C23C,465,1,0.002150537634408602,0.01,0.005,0.002150537634408602,465,1,0.0035460992907801418,0.0,0.0,0.002150537634408602,465,1,0.018867924528301886,0.01,0.005,0.002150537634408602,465,1,0.011111111111111112,0.01,0.005,0.002150537634408602,465,1,1.0,0.01,0.005,0.002150537634408602
C25B,218,1,0.0045871559633027525,0.0,0.005,0.0045871559633027525,218,1,0.010101010101010102,0.01,0.005,0.0045871559633027525,218,1,0.008333333333333333,0.0,0.005,0.0045871559633027525,218,1,0.006369426751592357,0.0,0.005,0.0045871559633027525,218,1,1.0,0.01,0.005,0.0045871559633027525
C30B,98,1,0.01020408163265306,0.01020408163265306,0.01020408163265306,0.01020408163265306,98,1,0.023255813953488372,0.01020408163265306,0.01020408163265306,0.01020408163265306,98,1,0.5,0.01020408163265306,0.01020408163265306,0.01020408163265306,98,1,0.25,0.01020408163265306,0.01020408163265306,0.01020408163265306,98,1,1.0,0.01020408163265306,0.01020408163265306,0.01020408163265306
E06C,88,1,0.011363636363636364,0.011363636363636364,0.011363636363636364,0.011363636363636364,88,1,0.023255813953488372,0.011363636363636364,0.011363636363636364,0.011363636363636364,88,1,0.5,0.011363636363636364,0.011363636363636364,0.011363636363636364,88,1,0.03333333333333333,0.011363636363636364,0.011363636363636364,0.011363636363636364,88,1,1.0,0.011363636363636364,0.011363636363636364,0.011363636363636364
E21C,94,1,0.010638297872340425,0.010638297872340425,0.010638297872340425,0.010638297872340425,94,1,0.058823529411764705,0.010638297872340425,0.010638297872340425,0.010638297872340425,94,1,0.03225806451612903,0.010638297872340425,0.010638297872340425,0.010638297872340425,94,1,0.03571428571428571,0.010638297872340425,0.010638297872340425,0.010638297872340425,94,1,1.0,0.010638297872340425,0.010638297872340425,0.010638297872340425
F01B,225,1,0.0044444444444444444,0.01,0.005,0.0044444444444444444,225,1,0.008771929824561403,0.0,0.005,0.0044444444444444444,225,1,0.010101010101010102,0.01,0.005,0.0044444444444444444,225,1,0.010752688172043012,0.01,0.005,0.0044444444444444444,225,1,1.0,0.01,0.005,0.0044444444444444444
F01D,278,1,0.0035971223021582736,0.0,0.0,0.0035971223021582736,278,1,0.004310344827586207,0.0,0.0,0.0035971223021582736,278,1,0.008547008547008548,0.0,0.005,0.0035971223021582736,278,1,0.005319148936170213,0.0,0.005,0.0035971223021582736,278,1,1.0,0.01,0.005,0.0035971223021582736
F01M,106,1,0.009433962264150943,0.01,0.009433962264150943,0.009433962264150943,106,1,0.016129032258064516,0.01,0.009433962264150943,0.009433962264150943,106,1,0.014084507042253521,0.01,0.009433962264150943,0.009433962264150943,106,1,0.014492753623188406,0.01,0.009433962264150943,0.009433962264150943,106,1,1.0,0.01,0.009433962264150943,0.009433962264150943
F01P,102,1,0.00980392156862745,0.01,0.00980392156862745,0.00980392156862745,102,1,0.024390243902439025,0.01,0.00980392156862745,0.00980392156862745,102,1,0.019230769230769232,0.01,0.00980392156862745,0.00980392156862745,102,1,0.014285714285714285,0.01,0.00980392156862745,0.00980392156862745,102,1,1.0,0.01,0.00980392156862745,0.00980392156862745
F02D,374,1,0.00267379679144385,0.0,0.0,0.00267379679144385,374,1,0.005494505494505495,0.0,0.005,0.00267379679144385,374,1,0.005208333333333333,0.0,0.005,0.00267379679144385,374,1,0.00510204081632653,0.0,0.005,0.00267379679144385,374,1,1.0,0.01,0.005,0.00267379679144385
C10M,383,1,0.0026109660574412533,0.0,0.005,0.0026109660574412533,383,1,0.0029585798816568047,0.0,0.0,0.0026109660574412533,383,1,0.0026109660574412533,0.0,0.0,0.0026109660574412533,383,1,0.0026109660574412533,0.0,0.0,0.0026109660574412533,383,1,1.0,0.01,0.005,0.0026109660574412533
C12N,471,1,0.0021231422505307855,0.0,0.0,0.0021231422505307855,471,1,0.003816793893129771,0.0,0.0,0.0021231422505307855,471,1,0.005405405405405406,0.0,0.005,0.0021231422505307855,471,1,0.013157894736842105,0.01,0.005,0.0021231422505307855,471,1,1.0,0.01,0.005,0.0021231422505307855
C12Q,327,1,0.0030581039755351682,0.01,0.005,0.0030581039755351682,327,1,0.013888888888888888,0.01,0.005,0.0030581039755351682,327,1,0.0033333333333333335,0.0,0.0,0.0030581039755351682,327,1,0.02,0.01,0.005,0.0030581039755351682,327,1,1.0,0.01,0.005,0.0030581039755351682
C01F,77,1,0.012987012987012988,0.012987012987012988,0.012987012987012988,0.012987012987012988,77,1,0.043478260869565216,0.012987012987012988,0.012987012987012988,0.012987012987012988,77,1,0.02127659574468085,0.012987012987012988,0.012987012987012988,0.012987012987012988,77,1,0.07142857142857142,0.012987012987012988,0.012987012987012988,0.012987012987012988,77,1,1.0,0.012987012987012988,0.012987012987012988,0.012987012987012988
F16F,459,1,0.002178649237472767,0.0,0.005,0.002178649237472767,459,1,0.015625,0.01,0.005,0.002178649237472767,459,1,0.008771929824561403,0.0,0.005,0.002178649237472767,459,1,0.007874015748031496,0.0,0.005,0.002178649237472767,459,1,1.0,0.01,0.005,0.002178649237472767
E04H,368,1,0.002717391304347826,0.0,0.005,0.002717391304347826,368,1,0.004761904761904762,0.0,0.0,0.002717391304347826,368,1,0.00980392156862745,0.0,0.005,0.002717391304347826,368,1,0.01,0.01,0.005,0.002717391304347826,368,1,1.0,0.01,0.005,0.002717391304347826
E04D,122,1,0.00819672131147541,0.0,0.00819672131147541,0.00819672131147541,122,1,0.013513513513513514,0.01,0.00819672131147541,0.00819672131147541,122,1,0.015625,0.01,0.00819672131147541,0.00819672131147541,122,1,0.020833333333333332,0.01,0.00819672131147541,0.00819672131147541,122,1,1.0,0.01,0.00819672131147541,0.00819672131147541
E04B,560,1,0.0017857142857142857,0.0,0.0,0.002,560,1,0.002053388090349076,0.0,0.0,0.002,560,1,0.0028735632183908046,0.0,0.0,0.002,560,1,0.0024271844660194173,0.0,0.0,0.002,560,1,1.0,0.01,0.005,0.002
E03D,101,1,0.009900990099009901,0.01,0.009900990099009901,0.009900990099009901,101,1,0.010752688172043012,0.01,0.009900990099009901,0.009900990099009901,101,1,0.015873015873015872,0.01,0.009900990099009901,0.009900990099009901,101,1,0.02,0.01,0.009900990099009901,0.009900990099009901,101,1,1.0,0.01,0.009900990099009901,0.009900990099009901
E02D,233,1,0.004291845493562232,0.01,0.005,0.004291845493562232,233,1,0.0053475935828877,0.0,0.005,0.004291845493562232,233,1,0.00625,0.0,0.005,0.004291845493562232,233,1,0.005263157894736842,0.0,0.005,0.004291845493562232,233,1,1.0,0.01,0.005,0.004291845493562232
D06M,127,1,0.007874015748031496,0.01,0.007874015748031496,0.007874015748031496,127,1,0.010309278350515464,0.01,0.007874015748031496,0.007874015748031496,127,1,0.02564102564102564,0.01,0.007874015748031496,0.007874015748031496,127,1,0.025,0.01,0.007874015748031496,0.007874015748031496,127,1,1.0,0.01,0.007874015748031496,0.007874015748031496
D06F,133,1,0.007518796992481203,0.01,0.007518796992481203,0.007518796992481203,133,1,0.009900990099009901,0.0,0.007518796992481203,0.007518796992481203,133,1,0.014084507042253521,0.01,0.007518796992481203,0.007518796992481203,133,1,0.009433962264150943,0.0,0.007518796992481203,0.007518796992481203,133,1,1.0,0.01,0.007518796992481203,0.007518796992481203
E05B,472,1,0.00211864406779661,0.01,0.005,0.00211864406779661,472,1,0.0078125,0.0,0.005,0.00211864406779661,472,1,0.0024154589371980675,0.0,0.0,0.00211864406779661,472,1,0.002577319587628866,0.0,0.0,0.00211864406779661,472,1,1.0,0.01,0.005,0.00211864406779661
D21H,87,1,0.011494252873563218,0.011494252873563218,0.011494252873563218,0.011494252873563218,87,1,0.3333333333333333,0.011494252873563218,0.011494252873563218,0.011494252873563218,87,1,0.5,0.011494252873563218,0.011494252873563218,0.011494252873563218,87,1,0.3333333333333333,0.011494252873563218,0.011494252873563218,0.011494252873563218,87,1,1.0,0.011494252873563218,0.011494252873563218,0.011494252873563218
D21F,104,1,0.009615384615384616,0.01,0.009615384615384616,0.009615384615384616,104,1,0.3333333333333333,0.01,0.009615384615384616,0.009615384615384616,104,1,0.015873015873015872,0.01,0.009615384615384616,0.009615384615384616,104,1,0.02857142857142857,0.01,0.009615384615384616,0.009615384615384616,104,1,1.0,0.01,0.009615384615384616,0.009615384615384616
E01C,197,1,0.005076142131979695,0.01,0.005076142131979695,0.005076142131979695,197,1,0.006097560975609756,0.0,0.005076142131979695,0.005076142131979695,197,1,0.008130081300813009,0.0,0.005076142131979695,0.005076142131979695,197,1,0.007518796992481203,0.0,0.005076142131979695,0.005076142131979695,197,1,1.0,0.01,0.005076142131979695,0.005076142131979695
E01D,66,1,0.015151515151515152,0.015151515151515152,0.015151515151515152,0.015151515151515152,66,1,0.047619047619047616,0.015151515151515152,0.015151515151515152,0.015151515151515152,66,1,0.030303030303030304,0.015151515151515152,0.015151515151515152,0.015151515151515152,66,1,0.038461538461538464,0.015151515151515152,0.015151515151515152,0.015151515151515152,66,1,1.0,0.015151515151515152,0.015151515151515152,0.015151515151515152
A01J,55,1,0.01818181818181818,0.01818181818181818,0.01818181818181818,0.01818181818181818,55,1,0.0625,0.01818181818181818,0.01818181818181818,0.01818181818181818,55,1,0.07142857142857142,0.01818181818181818,0.01818181818181818,0.01818181818181818,55,1,0.02,0.01818181818181818,0.01818181818181818,0.01818181818181818,55,1,1.0,0.01818181818181818,0.01818181818181818,0.01818181818181818
C21B,95,1,0.010526315789473684,0.010526315789473684,0.010526315789473684,0.010526315789473684,95,1,0.01639344262295082,0.010526315789473684,0.010526315789473684,0.010526315789473684,95,1,0.25,0.010526315789473684,0.010526315789473684,0.010526315789473684,95,1,0.04,0.010526315789473684,0.010526315789473684,0.010526315789473684,95,1,1.0,0.010526315789473684,0.010526315789473684,0.010526315789473684
D02G,167,1,0.005988023952095809,0.0,0.005988023952095809,0.005988023952095809,167,1,0.00819672131147541,0.0,0.005988023952095809,0.005988023952095809,167,1,0.2,0.01,0.005988023952095809,0.005988023952095809,167,1,0.009174311926605505,0.0,0.005988023952095809,0.005988023952095809,167,1,1.0,0.01,0.005988023952095809,0.005988023952095809
D06B,79,1,0.012658227848101266,0.012658227848101266,0.012658227848101266,0.012658227848101266,79,1,0.03225806451612903,0.012658227848101266,0.012658227848101266,0.012658227848101266,79,1,0.023255813953488372,0.012658227848101266,0.012658227848101266,0.012658227848101266,79,1,0.09090909090909091,0.012658227848101266,0.012658227848101266,0.012658227848101266,79,1,1.0,0.012658227848101266,0.012658227848101266,0.012658227848101266
A22C,202,1,0.0049504950495049506,0.01,0.005,0.0049504950495049506,202,1,0.007407407407407408,0.0,0.005,0.0049504950495049506,202,1,0.0196078431372549,0.01,0.005,0.0049504950495049506,202,1,0.007874015748031496,0.0,0.005,0.0049504950495049506,202,1,1.0,0.01,0.005,0.0049504950495049506
A01M,186,1,0.005376344086021506,0.0,0.005376344086021506,0.005376344086021506,186,1,0.058823529411764705,0.01,0.005376344086021506,0.005376344086021506,186,1,0.014285714285714285,0.01,0.005376344086021506,0.005376344086021506,186,1,0.015625,0.01,0.005376344086021506,0.005376344086021506,186,1,1.0,0.01,0.005376344086021506,0.005376344086021506
A23B,99,1,0.010101010101010102,0.010101010101010102,0.010101010101010102,0.010101010101010102,99,1,0.011111111111111112,0.010101010101010102,0.010101010101010102,0.010101010101010102,99,1,0.01282051282051282,0.010101010101010102,0.010101010101010102,0.010101010101010102,99,1,0.012048192771084338,0.010101010101010102,0.010101010101010102,0.010101010101010102,99,1,1.0,0.010101010101010102,0.010101010101010102,0.010101010101010102
A23D,64,1,0.015625,0.015625,0.015625,0.015625,64,1,0.02040816326530612,0.015625,0.015625,0.015625,64,1,0.018518518518518517,0.015625,0.015625,0.015625,64,1,0.017543859649122806,0.015625,0.015625,0.015625,64,1,1.0,0.015625,0.015625,0.015625
A23K,110,1,0.00909090909090909,0.01,0.00909090909090909,0.00909090909090909,110,1,0.018867924528301886,0.01,0.00909090909090909,0.00909090909090909,110,1,0.029411764705882353,0.01,0.00909090909090909,0.00909090909090909,110,1,0.016666666666666666,0.01,0.00909090909090909,0.00909090909090909,110,1,1.0,0.01,0.00909090909090909,0.00909090909090909
A23G,153,1,0.006535947712418301,0.01,0.006535947712418301,0.006535947712418301,153,1,0.011111111111111112,0.01,0.006535947712418301,0.006535947712418301,153,1,0.07692307692307693,0.01,0.006535947712418301,0.006535947712418301,153,1,0.012195121951219513,0.01,0.006535947712418301,0.006535947712418301,153,1,1.0,0.01,0.006535947712418301,0.006535947712418301
H01S,857,1,0.0011668611435239206,0.0,0.0,0.0,857,1,0.0019342359767891683,0.0,0.0,0.0,857,1,0.0019083969465648854,0.0,0.0,0.0,857,1,0.0014326647564469914,0.0,0.0,0.0,857,1,1.0,0.01,0.005,0.002
H01T,66,1,0.015151515151515152,0.015151515151515152,0.015151515151515152,0.015151515151515152,66,1,0.25,0.015151515151515152,0.015151515151515152,0.015151515151515152,66,1,0.02564102564102564,0.015151515151515152,0.015151515151515152,0.015151515151515152,66,1,0.023255813953488372,0.015151515151515152,0.015151515151515152,0.015151515151515152,66,1,1.0,0.015151515151515152,0.015151515151515152,0.015151515151515152
H02G,234,1,0.004273504273504274,0.0,0.005,0.004273504273504274,234,1,0.014285714285714285,0.01,0.005,0.004273504273504274,234,1,0.038461538461538464,0.01,0.005,0.004273504273504274,234,1,0.014492753623188406,0.01,0.005,0.004273504273504274,234,1,1.0,0.01,0.005,0.004273504273504274
H02J,261,1,0.0038314176245210726,0.01,0.005,0.0038314176245210726,261,1,0.043478260869565216,0.01,0.005,0.0038314176245210726,261,1,0.14285714285714285,0.01,0.005,0.0038314176245210726,261,1,0.018867924528301886,0.01,0.005,0.0038314176245210726,261,1,1.0,0.01,0.005,0.0038314176245210726
H02K,780,1,0.001282051282051282,0.0,0.0,0.0,780,1,0.0026246719160104987,0.0,0.0,0.002,780,1,0.007042253521126761,0.0,0.005,0.002,780,1,0.002257336343115124,0.0,0.0,0.002,780,1,1.0,0.01,0.005,0.002
H02M,435,1,0.0022988505747126436,0.0,0.0,0.0022988505747126436,435,1,0.003289473684210526,0.0,0.0,0.0022988505747126436,435,1,0.0070921985815602835,0.0,0.005,0.0022988505747126436,435,1,0.004098360655737705,0.0,0.0,0.0022988505747126436,435,1,1.0,0.01,0.005,0.0022988505747126436
H03B,177,1,0.005649717514124294,0.01,0.005649717514124294,0.005649717514124294,177,1,0.0072992700729927005,0.0,0.005649717514124294,0.005649717514124294,177,1,0.023255813953488372,0.01,0.005649717514124294,0.005649717514124294,177,1,0.011764705882352941,0.01,0.005649717514124294,0.005649717514124294,177,1,1.0,0.01,0.005649717514124294,0.005649717514124294
H03D,113,1,0.008849557522123894,0.01,0.008849557522123894,0.008849557522123894,113,1,0.02857142857142857,0.01,0.008849557522123894,0.008849557522123894,113,1,0.010309278350515464,0.01,0.008849557522123894,0.008849557522123894,113,1,0.022727272727272728,0.01,0.008849557522123894,0.008849557522123894,113,1,1.0,0.01,0.008849557522123894,0.008849557522123894
H03F,388,1,0.002577319587628866,0.0,0.005,0.002577319587628866,388,1,0.003289473684210526,0.0,0.0,0.002577319587628866,388,1,0.017857142857142856,0.01,0.005,0.002577319587628866,388,1,0.0038022813688212928,0.0,0.0,0.002577319587628866,388,1,1.0,0.01,0.005,0.002577319587628866
H05K,755,1,0.0013245033112582781,0.0,0.0,0.002,755,1,0.011111111111111112,0.01,0.005,0.002,755,1,0.004608294930875576,0.0,0.0,0.002,755,1,0.0078125,0.0,0.005,0.002,755,1,1.0,0.01,0.005,0.002
H03H,155,0,0.0,0.0,0.0,0.0,155,0,0.0,0.0,0.0,0.0,155,0,0.0,0.0,0.0,0.0,155,0,0.0,0.0,0.0,0.0,155,0,0.0,0.0,0.0,0.0
H03G,102,0,0.0,0.0,0.0,0.0,102,0,0.0,0.0,0.0,0.0,102,0,0.0,0.0,0.0,0.0,102,0,0.0,0.0,0.0,0.0,102,0,0.0,0.0,0.0,0.0
H02P,415,0,0.0,0.0,0.0,0.0,415,0,0.0,0.0,0.0,0.0,415,0,0.0,0.0,0.0,0.0,415,0,0.0,0.0,0.0,0.0,415,0,0.0,0.0,0.0,0.0
H02H,482,0,0.0,0.0,0.0,0.0,482,0,0.0,0.0,0.0,0.0,482,0,0.0,0.0,0.0,0.0,482,0,0.0,0.0,0.0,0.0,482,0,0.0,0.0,0.0,0.0
H02B,129,0,0.0,0.0,0.0,0.0,129,0,0.0,0.0,0.0,0.0,129,0,0.0,0.0,0.0,0.0,129,0,0.0,0.0,0.0,0.0,129,0,0.0,0.0,0.0,0.0
A23C,109,0,0.0,0.0,0.0,0.0,109,0,0.0,0.0,0.0,0.0,109,0,0.0,0.0,0.0,0.0,109,0,0.0,0.0,0.0,0.0,109,0,0.0,0.0,0.0,0.0
A21D,105,0,0.0,0.0,0.0,0.0,105,0,0.0,0.0,0.0,0.0,105,0,0.0,0.0,0.0,0.0,105,0,0.0,0.0,0.0,0.0,105,0,0.0,0.0,0.0,0.0
A21C,57,0,0.0,0.0,0.0,0.0,57,0,0.0,0.0,0.0,0.0,57,0,0.0,0.0,0.0,0.0,57,0,0.0,0.0,0.0,0.0,57,0,0.0,0.0,0.0,0.0
A01G,291,0,0.0,0.0,0.0,0.0,291,0,0.0,0.0,0.0,0.0,291,0,0.0,0.0,0.0,0.0,291,0,0.0,0.0,0.0,0.0,291,0,0.0,0.0,0.0,0.0
A01F,50,0,0.0,0.0,0.0,0.0,50,0,0.0,0.0,0.0,0.0,50,0,0.0,0.0,0.0,0.0,50,0,0.0,0.0,0.0,0.0,50,0,0.0,0.0,0.0,0.0
A01D,399,0,0.0,0.0,0.0,0.0,399,0,0.0,0.0,0.0,0.0,399,0,0.0,0.0,0.0,0.0,399,0,0.0,0.0,0.0,0.0,399,0,0.0,0.0,0.0,0.0
E01B,105,0,0.0,0.0,0.0,0.0,105,0,0.0,0.0,0.0,0.0,105,0,0.0,0.0,0.0,0.0,105,0,0.0,0.0,0.0,0.0,105,0,0.0,0.0,0.0,0.0
D21C,113,0,0.0,0.0,0.0,0.0,113,0,0.0,0.0,0.0,0.0,113,0,0.0,0.0,0.0,0.0,113,0,0.0,0.0,0.0,0.0,113,0,0.0,0.0,0.0,0.0
D06P,67,0,0.0,0.0,0.0,0.0,67,0,0.0,0.0,0.0,0.0,67,0,0.0,0.0,0.0,0.0,67,0,0.0,0.0,0.0,0.0,67,0,0.0,0.0,0.0,0.0
D04H,78,0,0.0,0.0,0.0,0.0,78,0,0.0,0.0,0.0,0.0,78,0,0.0,0.0,0.0,0.0,78,0,0.0,0.0,0.0,0.0,78,0,0.0,0.0,0.0,0.0
D04B,154,0,0.0,0.0,0.0,0.0,154,0,0.0,0.0,0.0,0.0,154,0,0.0,0.0,0.0,0.0,154,0,0.0,0.0,0.0,0.0,154,0,0.0,0.0,0.0,0.0
D03D,218,0,0.0,0.0,0.0,0.0,218,0,0.0,0.0,0.0,0.0,218,0,0.0,0.0,0.0,0.0,218,0,0.0,0.0,0.0,0.0,218,0,0.0,0.0,0.0,0.0
D01H,218,0,0.0,0.0,0.0,0.0,218,0,0.0,0.0,0.0,0.0,218,0,0.0,0.0,0.0,0.0,218,0,0.0,0.0,0.0,0.0,218,0,0.0,0.0,0.0,0.0
E05F,180,0,0.0,0.0,0.0,0.0,180,0,0.0,0.0,0.0,0.0,180,0,0.0,0.0,0.0,0.0,180,0,0.0,0.0,0.0,0.0,180,0,0.0,0.0,0.0,0.0
E05D,252,0,0.0,0.0,0.0,0.0,252,0,0.0,0.0,0.0,0.0,252,0,0.0,0.0,0.0,0.0,252,0,0.0,0.0,0.0,0.0,252,0,0.0,0.0,0.0,0.0
E05C,290,0,0.0,0.0,0.0,0.0,290,0,0.0,0.0,0.0,0.0,290,0,0.0,0.0,0.0,0.0,290,0,0.0,0.0,0.0,0.0,290,0,0.0,0.0,0.0,0.0
E04G,203,0,0.0,0.0,0.0,0.0,203,0,0.0,0.0,0.0,0.0,203,0,0.0,0.0,0.0,0.0,203,0,0.0,0.0,0.0,0.0,203,0,0.0,0.0,0.0,0.0
E04F,106,0,0.0,0.0,0.0,0.0,106,0,0.0,0.0,0.0,0.0,106,0,0.0,0.0,0.0,0.0,106,0,0.0,0.0,0.0,0.0,106,0,0.0,0.0,0.0,0.0
E04C,224,0,0.0,0.0,0.0,0.0,224,0,0.0,0.0,0.0,0.0,224,0,0.0,0.0,0.0,0.0,224,0,0.0,0.0,0.0,0.0,224,0,0.0,0.0,0.0,0.0
E02F,184,0,0.0,0.0,0.0,0.0,184,0,0.0,0.0,0.0,0.0,184,0,0.0,0.0,0.0,0.0,184,0,0.0,0.0,0.0,0.0,184,0,0.0,0.0,0.0,0.0
E02B,209,0,0.0,0.0,0.0,0.0,209,0,0.0,0.0,0.0,0.0,209,0,0.0,0.0,0.0,0.0,209,0,0.0,0.0,0.0,0.0,209,0,0.0,0.0,0.0,0.0
E01H,76,0,0.0,0.0,0.0,0.0,76,0,0.0,0.0,0.0,0.0,76,0,0.0,0.0,0.0,0.0,76,0,0.0,0.0,0.0,0.0,76,0,0.0,0.0,0.0,0.0
E01F,74,0,0.0,0.0,0.0,0.0,74,0,0.0,0.0,0.0,0.0,74,0,0.0,0.0,0.0,0.0,74,0,0.0,0.0,0.0,0.0,74,0,0.0,0.0,0.0,0.0
F02C,246,0,0.0,0.0,0.0,0.0,246,0,0.0,0.0,0.0,0.0,246,0,0.0,0.0,0.0,0.0,246,0,0.0,0.0,0.0,0.0,246,0,0.0,0.0,0.0,0.0
F02B,559,0,0.0,0.0,0.0,0.0,559,0,0.0,0.0,0.0,0.0,559,0,0.0,0.0,0.0,0.0,559,0,0.0,0.0,0.0,0.0,559,0,0.0,0.0,0.0,0.0
F01N,158,0,0.0,0.0,0.0,0.0,158,0,0.0,0.0,0.0,0.0,158,0,0.0,0.0,0.0,0.0,158,0,0.0,0.0,0.0,0.0,158,0,0.0,0.0,0.0,0.0
F01L,306,0,0.0,0.0,0.0,0.0,306,0,0.0,0.0,0.0,0.0,306,0,0.0,0.0,0.0,0.0,306,0,0.0,0.0,0.0,0.0,306,0,0.0,0.0,0.0,0.0
F01K,73,0,0.0,0.0,0.0,0.0,73,0,0.0,0.0,0.0,0.0,73,0,0.0,0.0,0.0,0.0,73,0,0.0,0.0,0.0,0.0,73,0,0.0,0.0,0.0,0.0
F01C,83,0,0.0,0.0,0.0,0.0,83,0,0.0,0.0,0.0,0.0,83,0,0.0,0.0,0.0,0.0,83,0,0.0,0.0,0.0,0.0,83,0,0.0,0.0,0.0,0.0
E21D,76,0,0.0,0.0,0.0,0.0,76,0,0.0,0.0,0.0,0.0,76,0,0.0,0.0,0.0,0.0,76,0,0.0,0.0,0.0,0.0,76,0,0.0,0.0,0.0,0.0
E21B,1380,0,0.0,0.0,0.0,0.0,1380,0,0.0,0.0,0.0,0.0,1380,0,0.0,0.0,0.0,0.0,1380,0,0.0,0.0,0.0,0.0,1380,0,0.0,0.0,0.0,0.0
D01G,72,0,0.0,0.0,0.0,0.0,72,0,0.0,0.0,0.0,0.0,72,0,0.0,0.0,0.0,0.0,72,0,0.0,0.0,0.0,0.0,72,0,0.0,0.0,0.0,0.0
D01F,67,0,0.0,0.0,0.0,0.0,67,0,0.0,0.0,0.0,0.0,67,0,0.0,0.0,0.0,0.0,67,0,0.0,0.0,0.0,0.0,67,0,0.0,0.0,0.0,0.0
D01D,56,0,0.0,0.0,0.0,0.0,56,0,0.0,0.0,0.0,0.0,56,0,0.0,0.0,0.0,0.0,56,0,0.0,0.0,0.0,0.0,56,0,0.0,0.0,0.0,0.0
C25F,56,0,0.0,0.0,0.0,0.0,56,0,0.0,0.0,0.0,0.0,56,0,0.0,0.0,0.0,0.0,56,0,0.0,0.0,0.0,0.0,56,0,0.0,0.0,0.0,0.0
C25D,330,0,0.0,0.0,0.0,0.0,330,0,0.0,0.0,0.0,0.0,330,0,0.0,0.0,0.0,0.0,330,0,0.0,0.0,0.0,0.0,330,0,0.0,0.0,0.0,0.0
C25C,94,0,0.0,0.0,0.0,0.0,94,0,0.0,0.0,0.0,0.0,94,0,0.0,0.0,0.0,0.0,94,0,0.0,0.0,0.0,0.0,94,0,0.0,0.0,0.0,0.0
C23F,145,0,0.0,0.0,0.0,0.0,145,0,0.0,0.0,0.0,0.0,145,0,0.0,0.0,0.0,0.0,145,0,0.0,0.0,0.0,0.0,145,0,0.0,0.0,0.0,0.0
C22F,110,0,0.0,0.0,0.0,0.0,110,0,0.0,0.0,0.0,0.0,110,0,0.0,0.0,0.0,0.0,110,0,0.0,0.0,0.0,0.0,110,0,0.0,0.0,0.0,0.0
C22C,489,0,0.0,0.0,0.0,0.0,489,0,0.0,0.0,0.0,0.0,489,0,0.0,0.0,0.0,0.0,489,0,0.0,0.0,0.0,0.0,489,0,0.0,0.0,0.0,0.0
C22B,192,0,0.0,0.0,0.0,0.0,192,0,0.0,0.0,0.0,0.0,192,0,0.0,0.0,0.0,0.0,192,0,0.0,0.0,0.0,0.0,192,0,0.0,0.0,0.0,0.0
C21D,195,0,0.0,0.0,0.0,0.0,195,0,0.0,0.0,0.0,0.0,195,0,0.0,0.0,0.0,0.0,195,0,0.0,0.0,0.0,0.0,195,0,0.0,0.0,0.0,0.0
C10G,487,0,0.0,0.0,0.0,0.0,487,0,0.0,0.0,0.0,0.0,487,0,0.0,0.0,0.0,0.0,487,0,0.0,0.0,0.0,0.0,487,0,0.0,0.0,0.0,0.0
C10B,52,0,0.0,0.0,0.0,0.0,52,0,0.0,0.0,0.0,0.0,52,0,0.0,0.0,0.0,0.0,52,0,0.0,0.0,0.0,0.0,52,0,0.0,0.0,0.0,0.0
C09K,439,0,0.0,0.0,0.0,0.0,439,0,0.0,0.0,0.0,0.0,439,0,0.0,0.0,0.0,0.0,439,0,0.0,0.0,0.0,0.0,439,0,0.0,0.0,0.0,0.0
C09D,175,0,0.0,0.0,0.0,0.0,175,0,0.0,0.0,0.0,0.0,175,0,0.0,0.0,0.0,0.0,175,0,0.0,0.0,0.0,0.0,175,0,0.0,0.0,0.0,0.0
E06B,377,0,0.0,0.0,0.0,0.0,377,0,0.0,0.0,0.0,0.0,377,0,0.0,0.0,0.0,0.0,377,0,0.0,0.0,0.0,0.0,377,0,0.0,0.0,0.0,0.0
F16D,984,0,0.0,0.0,0.0,0.0,984,0,0.0,0.0,0.0,0.0,984,0,0.0,0.0,0.0,0.0,984,0,0.0,0.0,0.0,0.0,984,0,0.0,0.0,0.0,0.0
F16C,576,0,0.0,0.0,0.0,0.0,576,0,0.0,0.0,0.0,0.0,576,0,0.0,0.0,0.0,0.0,576,0,0.0,0.0,0.0,0.0,576,0,0.0,0.0,0.0,0.0
F03G,50,0,0.0,0.0,0.0,0.0,50,0,0.0,0.0,0.0,0.0,50,0,0.0,0.0,0.0,0.0,50,0,0.0,0.0,0.0,0.0,50,0,0.0,0.0,0.0,0.0
F03B,50,0,0.0,0.0,0.0,0.0,50,0,0.0,0.0,0.0,0.0,50,0,0.0,0.0,0.0,0.0,50,0,0.0,0.0,0.0,0.0,50,0,0.0,0.0,0.0,0.0
F02P,198,0,0.0,0.0,0.0,0.0,198,0,0.0,0.0,0.0,0.0,198,0,0.0,0.0,0.0,0.0,198,0,0.0,0.0,0.0,0.0,198,0,0.0,0.0,0.0,0.0
F02N,78,0,0.0,0.0,0.0,0.0,78,0,0.0,0.0,0.0,0.0,78,0,0.0,0.0,0.0,0.0,78,0,0.0,0.0,0.0,0.0,78,0,0.0,0.0,0.0,0.0
F02G,57,0,0.0,0.0,0.0,0.0,57,0,0.0,0.0,0.0,0.0,57,0,0.0,0.0,0.0,0.0,57,0,0.0,0.0,0.0,0.0,57,0,0.0,0.0,0.0,0.0
C04B,705,0,0.0,0.0,0.0,0.0,705,0,0.0,0.0,0.0,0.0,705,0,0.0,0.0,0.0,0.0,705,0,0.0,0.0,0.0,0.0,705,0,0.0,0.0,0.0,0.0
C03C,233,0,0.0,0.0,0.0,0.0,233,0,0.0,0.0,0.0,0.0,233,0,0.0,0.0,0.0,0.0,233,0,0.0,0.0,0.0,0.0,233,0,0.0,0.0,0.0,0.0
C03B,439,0,0.0,0.0,0.0,0.0,439,0,0.0,0.0,0.0,0.0,439,0,0.0,0.0,0.0,0.0,439,0,0.0,0.0,0.0,0.0,439,0,0.0,0.0,0.0,0.0
C01G,157,0,0.0,0.0,0.0,0.0,157,0,0.0,0.0,0.0,0.0,157,0,0.0,0.0,0.0,0.0,157,0,0.0,0.0,0.0,0.0,157,0,0.0,0.0,0.0,0.0
B60K,744,0,0.0,0.0,0.0,0.0,744,0,0.0,0.0,0.0,0.0,744,0,0.0,0.0,0.0,0.0,744,0,0.0,0.0,0.0,0.0,744,0,0.0,0.0,0.0,0.0
B67D,338,0,0.0,0.0,0.0,0.0,338,0,0.0,0.0,0.0,0.0,338,0,0.0,0.0,0.0,0.0,338,0,0.0,0.0,0.0,0.0,338,0,0.0,0.0,0.0,0.0
B66F,146,0,0.0,0.0,0.0,0.0,146,0,0.0,0.0,0.0,0.0,146,0,0.0,0.0,0.0,0.0,146,0,0.0,0.0,0.0,0.0,146,0,0.0,0.0,0.0,0.0
B66B,166,0,0.0,0.0,0.0,0.0,166,0,0.0,0.0,0.0,0.0,166,0,0.0,0.0,0.0,0.0,166,0,0.0,0.0,0.0,0.0,166,0,0.0,0.0,0.0,0.0
B64C,315,0,0.0,0.0,0.0,0.0,315,0,0.0,0.0,0.0,0.0,315,0,0.0,0.0,0.0,0.0,315,0,0.0,0.0,0.0,0.0,315,0,0.0,0.0,0.0,0.0
F02F,88,0,0.0,0.0,0.0,0.0,88,0,0.0,0.0,0.0,0.0,88,0,0.0,0.0,0.0,0.0,88,0,0.0,0.0,0.0,0.0,88,0,0.0,0.0,0.0,0.0
F23N,94,0,0.0,0.0,0.0,0.0,94,0,0.0,0.0,0.0,0.0,94,0,0.0,0.0,0.0,0.0,94,0,0.0,0.0,0.0,0.0,94,0,0.0,0.0,0.0,0.0
F23J,75,0,0.0,0.0,0.0,0.0,75,0,0.0,0.0,0.0,0.0,75,0,0.0,0.0,0.0,0.0,75,0,0.0,0.0,0.0,0.0,75,0,0.0,0.0,0.0,0.0
F23D,167,0,0.0,0.0,0.0,0.0,167,0,0.0,0.0,0.0,0.0,167,0,0.0,0.0,0.0,0.0,167,0,0.0,0.0,0.0,0.0,167,0,0.0,0.0,0.0,0.0
F22B,149,0,0.0,0.0,0.0,0.0,149,0,0.0,0.0,0.0,0.0,149,0,0.0,0.0,0.0,0.0,149,0,0.0,0.0,0.0,0.0,149,0,0.0,0.0,0.0,0.0
F21S,91,0,0.0,0.0,0.0,0.0,91,0,0.0,0.0,0.0,0.0,91,0,0.0,0.0,0.0,0.0,91,0,0.0,0.0,0.0,0.0,91,0,0.0,0.0,0.0,0.0
F21L,90,0,0.0,0.0,0.0,0.0,90,0,0.0,0.0,0.0,0.0,90,0,0.0,0.0,0.0,0.0,90,0,0.0,0.0,0.0,0.0,90,0,0.0,0.0,0.0,0.0
F16H,1040,0,0.0,0.0,0.0,0.0,1040,0,0.0,0.0,0.0,0.0,1040,0,0.0,0.0,0.0,0.0,1040,0,0.0,0.0,0.0,0.0,1040,0,0.0,0.0,0.0,0.0
B63C,98,0,0.0,0.0,0.0,0.0,98,0,0.0,0.0,0.0,0.0,98,0,0.0,0.0,0.0,0.0,98,0,0.0,0.0,0.0,0.0,98,0,0.0,0.0,0.0,0.0
B62M,66,0,0.0,0.0,0.0,0.0,66,0,0.0,0.0,0.0,0.0,66,0,0.0,0.0,0.0,0.0,66,0,0.0,0.0,0.0,0.0,66,0,0.0,0.0,0.0,0.0
B62J,73,0,0.0,0.0,0.0,0.0,73,0,0.0,0.0,0.0,0.0,73,0,0.0,0.0,0.0,0.0,73,0,0.0,0.0,0.0,0.0,73,0,0.0,0.0,0.0,0.0
B62D,837,0,0.0,0.0,0.0,0.0,837,0,0.0,0.0,0.0,0.0,837,0,0.0,0.0,0.0,0.0,837,0,0.0,0.0,0.0,0.0,837,0,0.0,0.0,0.0,0.0
B61D,87,0,0.0,0.0,0.0,0.0,87,0,0.0,0.0,0.0,0.0,87,0,0.0,0.0,0.0,0.0,87,0,0.0,0.0,0.0,0.0,87,0,0.0,0.0,0.0,0.0
B60S,160,0,0.0,0.0,0.0,0.0,160,0,0.0,0.0,0.0,0.0,160,0,0.0,0.0,0.0,0.0,160,0,0.0,0.0,0.0,0.0,160,0,0.0,0.0,0.0,0.0
B60Q,299,0,0.0,0.0,0.0,0.0,299,0,0.0,0.0,0.0,0.0,299,0,0.0,0.0,0.0,0.0,299,0,0.0,0.0,0.0,0.0,299,0,0.0,0.0,0.0,0.0
B60P,318,0,0.0,0.0,0.0,0.0,318,0,0.0,0.0,0.0,0.0,318,0,0.0,0.0,0.0,0.0,318,0,0.0,0.0,0.0,0.0,318,0,0.0,0.0,0.0,0.0
B60N,133,0,0.0,0.0,0.0,0.0,133,0,0.0,0.0,0.0,0.0,133,0,0.0,0.0,0.0,0.0,133,0,0.0,0.0,0.0,0.0,133,0,0.0,0.0,0.0,0.0
F41C,202,0,0.0,0.0,0.0,0.0,202,0,0.0,0.0,0.0,0.0,202,0,0.0,0.0,0.0,0.0,202,0,0.0,0.0,0.0,0.0,202,0,0.0,0.0,0.0,0.0
F28F,196,0,0.0,0.0,0.0,0.0,196,0,0.0,0.0,0.0,0.0,196,0,0.0,0.0,0.0,0.0,196,0,0.0,0.0,0.0,0.0,196,0,0.0,0.0,0.0,0.0
F28D,202,0,0.0,0.0,0.0,0.0,202,0,0.0,0.0,0.0,0.0,202,0,0.0,0.0,0.0,0.0,202,0,0.0,0.0,0.0,0.0,202,0,0.0,0.0,0.0,0.0
F27D,109,0,0.0,0.0,0.0,0.0,109,0,0.0,0.0,0.0,0.0,109,0,0.0,0.0,0.0,0.0,109,0,0.0,0.0,0.0,0.0,109,0,0.0,0.0,0.0,0.0
F26B,284,0,0.0,0.0,0.0,0.0,284,0,0.0,0.0,0.0,0.0,284,0,0.0,0.0,0.0,0.0,284,0,0.0,0.0,0.0,0.0,284,0,0.0,0.0,0.0,0.0
F25C,75,0,0.0,0.0,0.0,0.0,75,0,0.0,0.0,0.0,0.0,75,0,0.0,0.0,0.0,0.0,75,0,0.0,0.0,0.0,0.0,75,0,0.0,0.0,0.0,0.0
F24J,94,0,0.0,0.0,0.0,0.0,94,0,0.0,0.0,0.0,0.0,94,0,0.0,0.0,0.0,0.0,94,0,0.0,0.0,0.0,0.0,94,0,0.0,0.0,0.0,0.0
F24F,181,0,0.0,0.0,0.0,0.0,181,0,0.0,0.0,0.0,0.0,181,0,0.0,0.0,0.0,0.0,181,0,0.0,0.0,0.0,0.0,181,0,0.0,0.0,0.0,0.0
B60J,324,0,0.0,0.0,0.0,0.0,324,0,0.0,0.0,0.0,0.0,324,0,0.0,0.0,0.0,0.0,324,0,0.0,0.0,0.0,0.0,324,0,0.0,0.0,0.0,0.0
B60D,95,0,0.0,0.0,0.0,0.0,95,0,0.0,0.0,0.0,0.0,95,0,0.0,0.0,0.0,0.0,95,0,0.0,0.0,0.0,0.0,95,0,0.0,0.0,0.0,0.0
B60B,159,0,0.0,0.0,0.0,0.0,159,0,0.0,0.0,0.0,0.0,159,0,0.0,0.0,0.0,0.0,159,0,0.0,0.0,0.0,0.0,159,0,0.0,0.0,0.0,0.0
B44C,251,0,0.0,0.0,0.0,0.0,251,0,0.0,0.0,0.0,0.0,251,0,0.0,0.0,0.0,0.0,251,0,0.0,0.0,0.0,0.0,251,0,0.0,0.0,0.0,0.0
B42F,76,0,0.0,0.0,0.0,0.0,76,0,0.0,0.0,0.0,0.0,76,0,0.0,0.0,0.0,0.0,76,0,0.0,0.0,0.0,0.0,76,0,0.0,0.0,0.0,0.0
B42D,183,0,0.0,0.0,0.0,0.0,183,0,0.0,0.0,0.0,0.0,183,0,0.0,0.0,0.0,0.0,183,0,0.0,0.0,0.0,0.0,183,0,0.0,0.0,0.0,0.0
B41L,66,0,0.0,0.0,0.0,0.0,66,0,0.0,0.0,0.0,0.0,66,0,0.0,0.0,0.0,0.0,66,0,0.0,0.0,0.0,0.0,66,0,0.0,0.0,0.0,0.0
B41J,630,0,0.0,0.0,0.0,0.0,630,0,0.0,0.0,0.0,0.0,630,0,0.0,0.0,0.0,0.0,630,0,0.0,0.0,0.0,0.0,630,0,0.0,0.0,0.0,0.0
G01J,524,0,0.0,0.0,0.0,0.0,524,0,0.0,0.0,0.0,0.0,524,0,0.0,0.0,0.0,0.0,524,0,0.0,0.0,0.0,0.0,524,0,0.0,0.0,0.0,0.0
G01D,1039,0,0.0,0.0,0.0,0.0,1039,0,0.0,0.0,0.0,0.0,1039,0,0.0,0.0,0.0,0.0,1039,0,0.0,0.0,0.0,0.0,1039,0,0.0,0.0,0.0,0.0
G01C,298,0,0.0,0.0,0.0,0.0,298,0,0.0,0.0,0.0,0.0,298,0,0.0,0.0,0.0,0.0,298,0,0.0,0.0,0.0,0.0,298,0,0.0,0.0,0.0,0.0
F41F,133,0,0.0,0.0,0.0,0.0,133,0,0.0,0.0,0.0,0.0,133,0,0.0,0.0,0.0,0.0,133,0,0.0,0.0,0.0,0.0,133,0,0.0,0.0,0.0,0.0
B22C,118,0,0.0,0.0,0.0,0.0,118,0,0.0,0.0,0.0,0.0,118,0,0.0,0.0,0.0,0.0,118,0,0.0,0.0,0.0,0.0,118,0,0.0,0.0,0.0,0.0
B31F,53,0,0.0,0.0,0.0,0.0,53,0,0.0,0.0,0.0,0.0,53,0,0.0,0.0,0.0,0.0,53,0,0.0,0.0,0.0,0.0,53,0,0.0,0.0,0.0,0.0
B29D,175,0,0.0,0.0,0.0,0.0,175,0,0.0,0.0,0.0,0.0,175,0,0.0,0.0,0.0,0.0,175,0,0.0,0.0,0.0,0.0,175,0,0.0,0.0,0.0,0.0
B28B,164,0,0.0,0.0,0.0,0.0,164,0,0.0,0.0,0.0,0.0,164,0,0.0,0.0,0.0,0.0,164,0,0.0,0.0,0.0,0.0,164,0,0.0,0.0,0.0,0.0
B27L,61,0,0.0,0.0,0.0,0.0,61,0,0.0,0.0,0.0,0.0,61,0,0.0,0.0,0.0,0.0,61,0,0.0,0.0,0.0,0.0,61,0,0.0,0.0,0.0,0.0
B27C,51,0,0.0,0.0,0.0,0.0,51,0,0.0,0.0,0.0,0.0,51,0,0.0,0.0,0.0,0.0,51,0,0.0,0.0,0.0,0.0,51,0,0.0,0.0,0.0,0.0
B26B,254,0,0.0,0.0,0.0,0.0,254,0,0.0,0.0,0.0,0.0,254,0,0.0,0.0,0.0,0.0,254,0,0.0,0.0,0.0,0.0,254,0,0.0,0.0,0.0,0.0
B25D,68,0,0.0,0.0,0.0,0.0,68,0,0.0,0.0,0.0,0.0,68,0,0.0,0.0,0.0,0.0,68,0,0.0,0.0,0.0,0.0,68,0,0.0,0.0,0.0,0.0
B24D,112,0,0.0,0.0,0.0,0.0,112,0,0.0,0.0,0.0,0.0,112,0,0.0,0.0,0.0,0.0,112,0,0.0,0.0,0.0,0.0,112,0,0.0,0.0,0.0,0.0
B24C,63,0,0.0,0.0,0.0,0.0,63,0,0.0,0.0,0.0,0.0,63,0,0.0,0.0,0.0,0.0,63,0,0.0,0.0,0.0,0.0,63,0,0.0,0.0,0.0,0.0
B23Q,328,0,0.0,0.0,0.0,0.0,328,0,0.0,0.0,0.0,0.0,328,0,0.0,0.0,0.0,0.0,328,0,0.0,0.0,0.0,0.0,328,0,0.0,0.0,0.0,0.0
B23P,610,0,0.0,0.0,0.0,0.0,610,0,0.0,0.0,0.0,0.0,610,0,0.0,0.0,0.0,0.0,610,0,0.0,0.0,0.0,0.0,610,0,0.0,0.0,0.0,0.0
B23H,146,0,0.0,0.0,0.0,0.0,146,0,0.0,0.0,0.0,0.0,146,0,0.0,0.0,0.0,0.0,146,0,0.0,0.0,0.0,0.0,146,0,0.0,0.0,0.0,0.0
B22F,265,0,0.0,0.0,0.0,0.0,265,0,0.0,0.0,0.0,0.0,265,0,0.0,0.0,0.0,0.0,265,0,0.0,0.0,0.0,0.0,265,0,0.0,0.0,0.0,0.0
B22D,460,0,0.0,0.0,0.0,0.0,460,0,0.0,0.0,0.0,0.0,460,0,0.0,0.0,0.0,0.0,460,0,0.0,0.0,0.0,0.0,460,0,0.0,0.0,0.0,0.0
G03G,1407,0,0.0,0.0,0.0,0.0,1407,0,0.0,0.0,0.0,0.0,1407,0,0.0,0.0,0.0,0.0,1407,0,0.0,0.0,0.0,0.0,1407,0,0.0,0.0,0.0,0.0
G02F,689,0,0.0,0.0,0.0,0.0,689,0,0.0,0.0,0.0,0.0,689,0,0.0,0.0,0.0,0.0,689,0,0.0,0.0,0.0,0.0,689,0,0.0,0.0,0.0,0.0
G01V,548,0,0.0,0.0,0.0,0.0,548,0,0.0,0.0,0.0,0.0,548,0,0.0,0.0,0.0,0.0,548,0,0.0,0.0,0.0,0.0,548,0,0.0,0.0,0.0,0.0
B21J,77,0,0.0,0.0,0.0,0.0,77,0,0.0,0.0,0.0,0.0,77,0,0.0,0.0,0.0,0.0,77,0,0.0,0.0,0.0,0.0,77,0,0.0,0.0,0.0,0.0
B21F,113,0,0.0,0.0,0.0,0.0,113,0,0.0,0.0,0.0,0.0,113,0,0.0,0.0,0.0,0.0,113,0,0.0,0.0,0.0,0.0,113,0,0.0,0.0,0.0,0.0
B21D,637,0,0.0,0.0,0.0,0.0,637,0,0.0,0.0,0.0,0.0,637,0,0.0,0.0,0.0,0.0,637,0,0.0,0.0,0.0,0.0,637,0,0.0,0.0,0.0,0.0
B07B,105,0,0.0,0.0,0.0,0.0,105,0,0.0,0.0,0.0,0.0,105,0,0.0,0.0,0.0,0.0,105,0,0.0,0.0,0.0,0.0,105,0,0.0,0.0,0.0,0.0
B05C,287,0,0.0,0.0,0.0,0.0,287,0,0.0,0.0,0.0,0.0,287,0,0.0,0.0,0.0,0.0,287,0,0.0,0.0,0.0,0.0,287,0,0.0,0.0,0.0,0.0
B03D,81,0,0.0,0.0,0.0,0.0,81,0,0.0,0.0,0.0,0.0,81,0,0.0,0.0,0.0,0.0,81,0,0.0,0.0,0.0,0.0,81,0,0.0,0.0,0.0,0.0
G10H,111,0,0.0,0.0,0.0,0.0,111,0,0.0,0.0,0.0,0.0,111,0,0.0,0.0,0.0,0.0,111,0,0.0,0.0,0.0,0.0,111,0,0.0,0.0,0.0,0.0
G09G,551,0,0.0,0.0,0.0,0.0,551,0,0.0,0.0,0.0,0.0,551,0,0.0,0.0,0.0,0.0,551,0,0.0,0.0,0.0,0.0,551,0,0.0,0.0,0.0,0.0
G09F,408,0,0.0,0.0,0.0,0.0,408,0,0.0,0.0,0.0,0.0,408,0,0.0,0.0,0.0,0.0,408,0,0.0,0.0,0.0,0.0,408,0,0.0,0.0,0.0,0.0
G09B,277,0,0.0,0.0,0.0,0.0,277,0,0.0,0.0,0.0,0.0,277,0,0.0,0.0,0.0,0.0,277,0,0.0,0.0,0.0,0.0,277,0,0.0,0.0,0.0,0.0
G08G,67,0,0.0,0.0,0.0,0.0,67,0,0.0,0.0,0.0,0.0,67,0,0.0,0.0,0.0,0.0,67,0,0.0,0.0,0.0,0.0,67,0,0.0,0.0,0.0,0.0
G08C,166,0,0.0,0.0,0.0,0.0,166,0,0.0,0.0,0.0,0.0,166,0,0.0,0.0,0.0,0.0,166,0,0.0,0.0,0.0,0.0,166,0,0.0,0.0,0.0,0.0
G07F,109,0,0.0,0.0,0.0,0.0,109,0,0.0,0.0,0.0,0.0,109,0,0.0,0.0,0.0,0.0,109,0,0.0,0.0,0.0,0.0,109,0,0.0,0.0,0.0,0.0
G06K,828,0,0.0,0.0,0.0,0.0,828,0,0.0,0.0,0.0,0.0,828,0,0.0,0.0,0.0,0.0,828,0,0.0,0.0,0.0,0.0,828,0,0.0,0.0,0.0,0.0
G05G,221,0,0.0,0.0,0.0,0.0,221,0,0.0,0.0,0.0,0.0,221,0,0.0,0.0,0.0,0.0,221,0,0.0,0.0,0.0,0.0,221,0,0.0,0.0,0.0,0.0
G05F,251,0,0.0,0.0,0.0,0.0,251,0,0.0,0.0,0.0,0.0,251,0,0.0,0.0,0.0,0.0,251,0,0.0,0.0,0.0,0.0,251,0,0.0,0.0,0.0,0.0
A63G,60,0,0.0,0.0,0.0,0.0,60,0,0.0,0.0,0.0,0.0,60,0,0.0,0.0,0.0,0.0,60,0,0.0,0.0,0.0,0.0,60,0,0.0,0.0,0.0,0.0
A63C,235,0,0.0,0.0,0.0,0.0,235,0,0.0,0.0,0.0,0.0,235,0,0.0,0.0,0.0,0.0,235,0,0.0,0.0,0.0,0.0,235,0,0.0,0.0,0.0,0.0
A62C,95,0,0.0,0.0,0.0,0.0,95,0,0.0,0.0,0.0,0.0,95,0,0.0,0.0,0.0,0.0,95,0,0.0,0.0,0.0,0.0,95,0,0.0,0.0,0.0,0.0
A61J,68,0,0.0,0.0,0.0,0.0,68,0,0.0,0.0,0.0,0.0,68,0,0.0,0.0,0.0,0.0,68,0,0.0,0.0,0.0,0.0,68,0,0.0,0.0,0.0,0.0
A61C,462,0,0.0,0.0,0.0,0.0,462,0,0.0,0.0,0.0,0.0,462,0,0.0,0.0,0.0,0.0,462,0,0.0,0.0,0.0,0.0,462,0,0.0,0.0,0.0,0.0
A47K,208,0,0.0,0.0,0.0,0.0,208,0,0.0,0.0,0.0,0.0,208,0,0.0,0.0,0.0,0.0,208,0,0.0,0.0,0.0,0.0,208,0,0.0,0.0,0.0,0.0
A47H,88,0,0.0,0.0,0.0,0.0,88,0,0.0,0.0,0.0,0.0,88,0,0.0,0.0,0.0,0.0,88,0,0.0,0.0,0.0,0.0,88,0,0.0,0.0,0.0,0.0
A47G,381,0,0.0,0.0,0.0,0.0,381,0,0.0,0.0,0.0,0.0,381,0,0.0,0.0,0.0,0.0,381,0,0.0,0.0,0.0,0.0,381,0,0.0,0.0,0.0,0.0
A47F,411,0,0.0,0.0,0.0,0.0,411,0,0.0,0.0,0.0,0.0,411,0,0.0,0.0,0.0,0.0,411,0,0.0,0.0,0.0,0.0,411,0,0.0,0.0,0.0,0.0
A47D,73,0,0.0,0.0,0.0,0.0,73,0,0.0,0.0,0.0,0.0,73,0,0.0,0.0,0.0,0.0,73,0,0.0,0.0,0.0,0.0,73,0,0.0,0.0,0.0,0.0
G05D,282,0,0.0,0.0,0.0,0.0,282,0,0.0,0.0,0.0,0.0,282,0,0.0,0.0,0.0,0.0,282,0,0.0,0.0,0.0,0.0,282,0,0.0,0.0,0.0,0.0
H01P,303,0,0.0,0.0,0.0,0.0,303,0,0.0,0.0,0.0,0.0,303,0,0.0,0.0,0.0,0.0,303,0,0.0,0.0,0.0,0.0,303,0,0.0,0.0,0.0,0.0
H01H,1101,0,0.0,0.0,0.0,0.0,1101,0,0.0,0.0,0.0,0.0,1101,0,0.0,0.0,0.0,0.0,1101,0,0.0,0.0,0.0,0.0,1101,0,0.0,0.0,0.0,0.0
H01G,237,0,0.0,0.0,0.0,0.0,237,0,0.0,0.0,0.0,0.0,237,0,0.0,0.0,0.0,0.0,237,0,0.0,0.0,0.0,0.0,237,0,0.0,0.0,0.0,0.0
H01B,329,0,0.0,0.0,0.0,0.0,329,0,0.0,0.0,0.0,0.0,329,0,0.0,0.0,0.0,0.0,329,0,0.0,0.0,0.0,0.0,329,0,0.0,0.0,0.0,0.0
G21K,120,0,0.0,0.0,0.0,0.0,120,0,0.0,0.0,0.0,0.0,120,0,0.0,0.0,0.0,0.0,120,0,0.0,0.0,0.0,0.0,120,0,0.0,0.0,0.0,0.0
A46B,168,0,0.0,0.0,0.0,0.0,168,0,0.0,0.0,0.0,0.0,168,0,0.0,0.0,0.0,0.0,168,0,0.0,0.0,0.0,0.0,168,0,0.0,0.0,0.0,0.0
A45C,147,0,0.0,0.0,0.0,0.0,147,0,0.0,0.0,0.0,0.0,147,0,0.0,0.0,0.0,0.0,147,0,0.0,0.0,0.0,0.0,147,0,0.0,0.0,0.0,0.0
A44C,92,0,0.0,0.0,0.0,0.0,92,0,0.0,0.0,0.0,0.0,92,0,0.0,0.0,0.0,0.0,92,0,0.0,0.0,0.0,0.0,92,0,0.0,0.0,0.0,0.0
A43B,307,0,0.0,0.0,0.0,0.0,307,0,0.0,0.0,0.0,0.0,307,0,0.0,0.0,0.0,0.0,307,0,0.0,0.0,0.0,0.0,307,0,0.0,0.0,0.0,0.0
A41D,289,0,0.0,0.0,0.0,0.0,289,0,0.0,0.0,0.0,0.0,289,0,0.0,0.0,0.0,0.0,289,0,0.0,0.0,0.0,0.0,289,0,0.0,0.0,0.0,0.0
A41B,58,0,0.0,0.0,0.0,0.0,58,0,0.0,0.0,0.0,0.0,58,0,0.0,0.0,0.0,0.0,58,0,0.0,0.0,0.0,0.0,58,0,0.0,0.0,0.0,0.0
A24D,76,0,0.0,0.0,0.0,0.0,76,0,0.0,0.0,0.0,0.0,76,0,0.0,0.0,0.0,0.0,76,0,0.0,0.0,0.0,0.0,76,0,0.0,0.0,0.0,0.0
A24B,70,0,0.0,0.0,0.0,0.0,70,0,0.0,0.0,0.0,0.0,70,0,0.0,0.0,0.0,0.0,70,0,0.0,0.0,0.0,0.0,70,0,0.0,0.0,0.0,0.0
G10L,222,0,0.0,0.0,0.0,0.0,222,0,0.0,0.0,0.0,0.0,222,0,0.0,0.0,0.0,0.0,222,0,0.0,0.0,0.0,0.0,222,0,0.0,0.0,0.0,0.0
A01B,213,0,0.0,0.0,0.0,0.0,213,0,0.0,0.0,0.0,0.0,213,0,0.0,0.0,0.0,0.0,213,0,0.0,0.0,0.0,0.0,213,0,0.0,0.0,0.0,0.0
H05G,92,0,0.0,0.0,0.0,0.0,92,0,0.0,0.0,0.0,0.0,92,0,0.0,0.0,0.0,0.0,92,0,0.0,0.0,0.0,0.0,92,0,0.0,0.0,0.0,0.0
H05F,65,0,0.0,0.0,0.0,0.0,65,0,0.0,0.0,0.0,0.0,65,0,0.0,0.0,0.0,0.0,65,0,0.0,0.0,0.0,0.0,65,0,0.0,0.0,0.0,0.0
H04M,818,0,0.0,0.0,0.0,0.0,818,0,0.0,0.0,0.0,0.0,818,0,0.0,0.0,0.0,0.0,818,0,0.0,0.0,0.0,0.0,818,0,0.0,0.0,0.0,0.0
H04L,473,0,0.0,0.0,0.0,0.0,473,0,0.0,0.0,0.0,0.0,473,0,0.0,0.0,0.0,0.0,473,0,0.0,0.0,0.0,0.0,473,0,0.0,0.0,0.0,0.0
H04K,76,0,0.0,0.0,0.0,0.0,76,0,0.0,0.0,0.0,0.0,76,0,0.0,0.0,0.0,0.0,76,0,0.0,0.0,0.0,0.0,76,0,0.0,0.0,0.0,0.0
H04H,77,0,0.0,0.0,0.0,0.0,77,0,0.0,0.0,0.0,0.0,77,0,0.0,0.0,0.0,0.0,77,0,0.0,0.0,0.0,0.0,77,0,0.0,0.0,0.0,0.0
H03M,347,0,0.0,0.0,0.0,0.0,347,0,0.0,0.0,0.0,0.0,347,0,0.0,0.0,0.0,0.0,347,0,0.0,0.0,0.0,0.0,347,0,0.0,0.0,0.0,0.0
H03L,131,0,0.0,0.0,0.0,0.0,131,0,0.0,0.0,0.0,0.0,131,0,0.0,0.0,0.0,0.0,131,0,0.0,0.0,0.0,0.0,131,0,0.0,0.0,0.0,0.0
A01C,134,0,0.0,0.0,0.0,0.0,134,0,0.0,0.0,0.0,0.0,134,0,0.0,0.0,0.0,0.0,134,0,0.0,0.0,0.0,0.0,134,0,0.0,0.0,0.0,0.0
